Workbook
Name \0: #REF!
Name \00: #REF!
Name \01: #REF!
Name \a: #REF!
Name \b: #REF!
Name \c: #REF!
Name \d: #REF!
Name \DDR32Cont: OFFSET(DRAM!#REF!,0,0,COUNTA(DRAM!#REF!),5)
Name \DDR32Spot: OFFSET(DRAM!#REF!,0,0,COUNTA(DRAM!#REF!),8)
Name \e: #REF!
Name \f: #REF!
Name \g: #REF!
Name \h: #REF!
Name \i: #REF!
Name \MLC32Cont: OFFSET(NAND!#REF!,0,0,COUNTA(NAND!#REF!),5)
Name \MLC32Spot: OFFSET(NAND!#REF!,0,0,COUNTA(NAND!#REF!),6)
Name \MLC64Cont: OFFSET(NAND!#REF!,0,0,COUNTA(NAND!#REF!),5)
Name \MLC64Spot: OFFSET(NAND!#REF!,0,0,COUNTA(NAND!#REF!),6)
Name \MSD4CL2Spot: OFFSET(#REF!,0,0,COUNTA(#REF!),6)
Name \MSD4CL6Spot: OFFSET(#REF!,0,0,COUNTA(#REF!),5)
Name \MSD8CL2Spot: OFFSET(#REF!,0,0,COUNTA(#REF!),6)
Name \MSD8CL6Spot: OFFSET(#REF!,0,0,COUNTA(#REF!),5)
Name \SD4CL2Spot: OFFSET(#REF!,0,0,COUNTA(#REF!),6)
Name \SD4CL6Spot: OFFSET(#REF!,0,0,COUNTA(#REF!),5)
Name \SD8CL2Spot: OFFSET(#REF!,0,0,COUNTA(#REF!),6)
Name \SD8CL6Spot: OFFSET(#REF!,0,0,COUNTA(#REF!),5)
Name \TLC64Cont: OFFSET(NAND!#REF!,0,0,COUNTA(NAND!$A$26:$A$2668),5)
Name \TLC64Spot: OFFSET(NAND!#REF!,0,0,COUNTA(NAND!#REF!),6)
Name __ben1: #REF!
Name __ben2: #REF!
Name __cpu1: #REF!
Name __cpu2: #REF!
Name __cpu3: #REF!
Name __cpu4: #REF!
Name __dat1: #REF!
Name __dat2: #REF!
Name __dat3: #REF!
Name __dat4: #REF!
Name __fpu1: #REF!
Name __fpu2: #REF!
Name __fpu3: #REF!
Name __fpu4: #REF!
Name __lsu1: #REF!
Name __lsu2: #REF!
Name __lsu3: #REF!
Name __lsu4: #REF!
Name __msu1: #REF!
Name __msu2: #REF!
Name __msu3: #REF!
Name __msu4: #REF!
Name __mv1: #REF!
Name __mv2: #REF!
Name __mv3: #REF!
Name __mv4: #REF!
Name __pu1: #REF!
Name __pu2: #REF!
Name __pu3: #REF!
Name __pu4: #REF!
Name __ssu1: #REF!
Name __ssu2: #REF!

Sheet Cover
D30: Memory Price Tracker
D33: =TODAY() -> 46213
D42: Sanford C. Bernstein (Hong Kong) Limited
D43: 盛博香港有限公司
D46: Asian Semiconductors & Global Memory
H49: Mark Li | O49: Edward Hou, CFA | X49: Yipin Cai, CFA
H50: Senior Research Analyst | O50: Senior Research Associate | X50: Senior Research Associate
H51: mark.li@bernsteinsg.com | O51: edward.hou@bernsteinsg.com | X51: yipin.cai@bernsteinsg.com
D58: This model is directed to and intended only for our clients who are “eligible counterparties”, “professional clients”, “institutional investors” and/or “professional investors” as defined by applicable local regulations and must not be redistributed to retail clients. This model is being provided to you with the understanding that you are an investment professional familiar with its limitations and that it may not be reproduced, re-distributed, transmitted or otherwise made available to, or shared with, any third party. Clients may not create derivative works, resell, or commercially exploit any part of the information contained herein with any third party for any purpose without Bernstein’s express prior written consent. This restriction includes extracting data, using this content to develop indexes or products, or inputting any portion of the information contained herein into machine learning or artificial intelligence systems. The analysis contained herein is based on numerous assumptions. Different assumptions could result in materially different results. We believe that the data in this model obtained from public sources is reliable; however, we make no representation that such data is accurate or complete. Estimates of future performance in this model are based on assumptions that may not be realized due to unforeseen factors like market volatility/fluctuation. This model is not a research report, nor is it a substitute for our published research; on its own, this model should not be relied upon to make an investment decision. For our latest research reports, which contain information that may be used to support investment decisions and important disclosures, please see our website at https://www.bernsteinresearch.com.

Sheet N_Summary
Q1: Current Year | R1: 2026 | T1: For Spot | Z1: For Contract | AA1: 2-Qtr Ahead | AB1: Prior Qtr | AC1: Month in the Current Qtr
Q2: Current Month | R2: 5 | T2: N-3 | U2: N-2 | V2: N-1 | W2: N | X2: N+1 | Y2: N+2 | AC2: =(LEFT(W4)-1)*3+1 -> 4 | AD2: =AC2+1 -> 5 | AE2: =AD2+1 -> 6
T3: =DATE($R$1,$R$2-2,0) -> 46081 | U3: =DATE($R$1,$R$2-1,0) -> 46112 | V3: =DATE($R$1,$R$2,0) -> 46142 | W3: =DATE($R$1,$R$2+1,0) -> 46173 | X3: =DATE($R$1,$R$2+2,0) -> 46203 | Y3: =DATE($R$1,$R$2+3,0) -> 46234 | AC3: =DATE($R$1,AC2+1,0) -> 46142 | AD3: =DATE($R$1,AD2+1,0) -> 46173 | AE3: =DATE($R$1,AE2+1,0) -> 46203
T4: =TEXT(ROUNDUP(MONTH(T3)/3,0),0)&"Q"&RIGHT(TEXT(YEAR(T3),0),2) -> 1Q26 | U4: =TEXT(ROUNDUP(MONTH(U3)/3,0),0)&"Q"&RIGHT(TEXT(YEAR(U3),0),2) -> 1Q26 | V4: =TEXT(ROUNDUP(MONTH(V3)/3,0),0)&"Q"&RIGHT(TEXT(YEAR(V3),0),2) -> 2Q26 | W4: =TEXT(ROUNDUP(MONTH(W3)/3,0),0)&"Q"&RIGHT(TEXT(YEAR(W3),0),2) -> 2Q26 | X4: =TEXT(ROUNDUP(MONTH(X3)/3,0),0)&"Q"&RIGHT(TEXT(YEAR(X3),0),2) -> 2Q26 | Y4: =TEXT(ROUNDUP(MONTH(Y3)/3,0),0)&"Q"&RIGHT(TEXT(YEAR(Y3),0),2) -> 3Q26 | AA4: =TEXT(ROUNDUP(MONTH(DATE($R$1,$R$2-5,0))/3,0),0)&"Q"&RIGHT(TEXT(YEAR(DATE($R$1,$R$2-5,0)),0),2) -> 4Q25 | AB4: =T4 -> 1Q26 | AC4: =TEXT(ROUNDUP(MONTH(AC3)/3,0),0)&"Q"&RIGHT(TEXT(YEAR(AC3),0),2) -> 2Q26 | AD4: =TEXT(ROUNDUP(MONTH(AD3)/3,0),0)&"Q"&RIGHT(TEXT(YEAR(AD3),0),2) -> 2Q26 | AE4: =TEXT(ROUNDUP(MONTH(AE3)/3,0),0)&"Q"&RIGHT(TEXT(YEAR(AE3),0),2) -> 2Q26
T5: =LEFT(T4,2)&"CY"&RIGHT(T4,2) -> 1QCY26 | U5: =LEFT(U4,2)&"CY"&RIGHT(U4,2) -> 1QCY26 | V5: =LEFT(V4,2)&"CY"&RIGHT(V4,2) -> 2QCY26 | W5: =LEFT(W4,2)&"CY"&RIGHT(W4,2) -> 2QCY26 | X5: =LEFT(X4,2)&"CY"&RIGHT(X4,2) -> 2QCY26 | Y5: =LEFT(Y4,2)&"CY"&RIGHT(Y4,2) -> 3QCY26 | AA5: =LEFT(AA4,2)&"CY"&RIGHT(AA4,2) -> 4QCY25 | AB5: =LEFT(AB4,2)&"CY"&RIGHT(AB4,2) -> 1QCY26 | AC5: =LEFT(AC4,2)&"CY"&RIGHT(AC4,2) -> 2QCY26 | AD5: =LEFT(AD4,2)&"CY"&RIGHT(AD4,2) -> 2QCY26 | AE5: =LEFT(AE4,2)&"CY"&RIGHT(AE4,2) -> 2QCY26
T6: =IF(LEFT(T4,1)="4",1,LEFT(T4,1)+1)&"QFY"&IF(LEFT(T4,1)="4",RIGHT(T4,2)+1,RIGHT(T4,2)) -> 2QFY26 | U6: =IF(LEFT(U4,1)="4",1,LEFT(U4,1)+1)&"QFY"&IF(LEFT(U4,1)="4",RIGHT(U4,2)+1,RIGHT(U4,2)) -> 2QFY26 | V6: =IF(LEFT(V4,1)="4",1,LEFT(V4,1)+1)&"QFY"&IF(LEFT(V4,1)="4",RIGHT(V4,2)+1,RIGHT(V4,2)) -> 3QFY26 | W6: =IF(LEFT(W4,1)="4",1,LEFT(W4,1)+1)&"QFY"&IF(LEFT(W4,1)="4",RIGHT(W4,2)+1,RIGHT(W4,2)) -> 3QFY26 | X6: =IF(LEFT(X4,1)="4",1,LEFT(X4,1)+1)&"QFY"&IF(LEFT(X4,1)="4",RIGHT(X4,2)+1,RIGHT(X4,2)) -> 3QFY26 | Y6: =IF(LEFT(Y4,1)="4",1,LEFT(Y4,1)+1)&"QFY"&IF(LEFT(Y4,1)="4",RIGHT(Y4,2)+1,RIGHT(Y4,2)) -> 4QFY26 | AA6: =IF(LEFT(AA4,1)="4",1,LEFT(AA4,1)+1)&"QFY"&IF(LEFT(AA4,1)="4",RIGHT(AA4,2)+1,RIGHT(AA4,2)) -> 1QFY26 | AB6: =T6 -> 2QFY26 | AC6: =IF(LEFT(AC4,1)="4",1,LEFT(AC4,1)+1)&"QFY"&IF(LEFT(AC4,1)="4",RIGHT(AC4,2)+1,RIGHT(AC4,2)) -> 3QFY26 | AD6: =IF(LEFT(AD4,1)="4",1,LEFT(AD4,1)+1)&"QFY"&IF(LEFT(AD4,1)="4",RIGHT(AD4,2)+1,RIGHT(AD4,2)) -> 3QFY26 | AE6: =IF(LEFT(AE4,1)="4",1,LEFT(AE4,1)+1)&"QFY"&IF(LEFT(AE4,1)="4",RIGHT(AE4,2)+1,RIGHT(AE4,2)) -> 3QFY26
C10: FOR EXHIBIT USE ONLY
F11: =U11 -> Price at End of Month | L11: Quarterly Avg | U11: Price at End of Month | AA11: Quarterly Avg
F12: =U12 -> Mar-26 | G12: =V12 -> Apr-26 | H12: =W12 -> May-26 | I12: =X12 -> MoM | L12: =AA12 -> 1QCY26 | M12: =AB12 -> 2QCY26 QTD | N12: =AC12 -> QoQ | U12: =TEXT($U$3,"MMM-YY") -> Mar-26 | V12: =TEXT($V$3,"MMM-YY") -> Apr-26 | W12: =TEXT($W$3,"MMM-YY") -> May-26 | X12: MoM | AA12: =$T$5 -> 1QCY26 | AB12: =$W$5&IF(OR(R2=3,R2=6,R2=9,R2=12),," QTD") -> 2QCY26 QTD | AC12: QoQ
C13: =R13 -> DRAM | I13: =X13 -> 46112 | J13: =Y13 -> 46142 | K13: =Z13 -> 46173 | Q13: 2023 Weight | R13: DRAM | X13: =EOMONTH(Y13,-1) -> 46112 | Y13: =EOMONTH(Z13,-1) -> 46142 | Z13: =$W$3 -> 46173
C14: =R14 -> Spot Price (US$/GB) | R14: Spot Price (US$/GB)
C15: =R15 -> PC DRAM | E15: DDR4 8Gb Chip | F15: =U15 -> 33.96 | G15: =V15 -> 32.48 | H15: =W15 -> 34.1 | I15: =X15 -> 0.032218845 | J15: =Y15 -> -0.043580683 | K15: =Z15 -> 0.049876847 | L15: =AA15 -> 31.229948 | M15: =AB15 -> 32.919048 | N15: =AC15 -> 0.054085883 | R15: PC DRAM | T15: 8Gb DDR4 | U15: {=INDEX(DRAM!$L:$L,MATCH(U3,DRAM!$I:$I,1),)} -> 33.96 | V15: {=INDEX(DRAM!$L:$L,MATCH(V3,DRAM!$I:$I,1),)} -> 32.48 | W15: {=INDEX(DRAM!$L:$L,MATCH(W3,DRAM!$I:$I,1),)} -> 34.1 | X15: {=U15/INDEX(DRAM!$L:$L,MATCH(T3,DRAM!$I:$I,1),)-1} -> 0.032218845 | Y15: =V15/U15-1 -> -0.043580683 | Z15: =W15/V15-1 -> 0.049876847 | AA15: =AVERAGEIF(DRAM!$C:$C,N_Summary!T$4,DRAM!$L:$L) -> 31.229948 | AB15: =AVERAGEIF(DRAM!$C:$C,N_Summary!W$4,DRAM!$L:$L) -> 32.919048 | AC15: =AB15/AA15-1 -> 0.054085883
E16: DDR5 16Gb Chip | F16: =U16 -> 18.713 | G16: =V16 -> 19.5 | H16: =W16 -> 20.95 | I16: =X16 -> -0.052506329 | J16: =Y16 -> 0.042056324 | K16: =Z16 -> 0.074358974 | L16: =AA16 -> 18.554405 | M16: =AB16 -> 19.651917 | N16: =AC16 -> 0.059150993 | T16: 16Gb DDR5 | U16: {=INDEX(DRAM!$Z:$Z,MATCH(U3,DRAM!$S:$S,1),)/2} -> 18.713 | V16: {=INDEX(DRAM!$Z:$Z,MATCH(V3,DRAM!$S:$S,1),)/2} -> 19.5 | W16: {=INDEX(DRAM!$Z:$Z,MATCH(W3,DRAM!$S:$S,1),)/2} -> 20.95 | X16: {=U16/(INDEX(DRAM!$Z:$Z,MATCH(T3,DRAM!$S:$S,1),)/2)-1} -> -0.052506329 | Y16: =V16/U16-1 -> 0.042056324 | Z16: =W16/V16-1 -> 0.074358974 | AA16: =AVERAGEIF(DRAM!$C:$C,N_Summary!T$4,DRAM!$Z:$Z)/2 -> 18.554405 | AB16: =AVERAGEIF(DRAM!$C:$C,N_Summary!W$4,DRAM!$Z:$Z)/2 -> 19.651917 | AC16: =AB16/AA16-1 -> 0.059150993
C17: =R17 -> Server DRAM | E17: =T17 -> DDR4 64GB RDIMM* | F17: =U17 -> 20.3125 | G17: =V17 -> 22.421875 | H17: =W17 -> 23.125 | I17: =X17 -> 0.39484979 | J17: =Y17 -> 0.10384615 | K17: =Z17 -> 0.031358885 | L17: =AA17 -> 15.382812 | ... N17: =AC17 -> 0.47102308 | R17: Server DRAM | T17: DDR4 64GB RDIMM* | U17: =INDEX(DRAM!$AT:$AW,MATCH(U3,DRAM!$AS:$AS,1),MATCH($T17,DRAM!$AT$28:$AW$28,0))/64 -> 20.3125 | V17: =INDEX(DRAM!$AT:$AW,MATCH(V3,DRAM!$AS:$AS,1),MATCH($T17,DRAM!$AT$28:$AW$28,0))/64 -> 22.421875 | W17: =INDEX(DRAM!$AT:$AW,MATCH(W3,DRAM!$AS:$AS,1),MATCH($T17,DRAM!$AT$28:$AW$28,0))/64 -> 23.125 | X17: =U17/(INDEX(DRAM!$AT:$AW,MATCH(T3,DRAM!$AS:$AS,1),MATCH($T17,DRAM!$AT$28:$AW$28,0))/64)-1 -> 0.39484979 | Y17: =V17/U17-1 -> 0.10384615 | Z17: =W17/V17-1 -> 0.031358885 | AA17: =AVERAGEIF(DRAM!$AQ:$AQ,N_Summary!T$4,DRAM!$AV:$AV)/64 -> 15.382812 | AB17: =AVERAGEIF(DRAM!$AQ:$AQ,N_Summary!W$4,DRAM!$AV:$AV)/64 -> 22.628472 | AC17: =AB17/AA17-1 -> 0.47102308
E18: =T18 -> DDR5 64GB RDIMM* | F18: =U18 -> 37.5 | G18: =V18 -> 35 | H18: =W18 -> 35.546875 | I18: =X18 -> 0.10344828 | J18: =Y18 -> -0.066666667 | K18: =Z18 -> 0.015625 | L18: =AA18 -> 30.436198 | ... N18: =AC18 -> 0.17327629 | T18: DDR5 64GB RDIMM* | U18: =INDEX(DRAM!$AT:$BA,MATCH(U3,DRAM!$AS:$AS,1),MATCH($T18,DRAM!$AT$28:$BA$28,0))/64 -> 37.5 | V18: =INDEX(DRAM!$AT:$BA,MATCH(V3,DRAM!$AS:$AS,1),MATCH($T18,DRAM!$AT$28:$BA$28,0))/64 -> 35 | W18: =INDEX(DRAM!$AT:$BA,MATCH(W3,DRAM!$AS:$AS,1),MATCH($T18,DRAM!$AT$28:$BA$28,0))/64 -> 35.546875 | X18: =U18/(INDEX(DRAM!$AT:$BA,MATCH(T3,DRAM!$AS:$AS,1),MATCH($T18,DRAM!$AT$28:$BA$28,0))/64)-1 -> 0.10344828 | Y18: =V18/U18-1 -> -0.066666667 | Z18: =W18/V18-1 -> 0.015625 | AA18: =AVERAGEIF(DRAM!$AQ:$AQ,N_Summary!T$4,DRAM!$AZ:$AZ)/64 -> 30.436198 | AB18: =AVERAGEIF(DRAM!$AQ:$AQ,N_Summary!W$4,DRAM!$AZ:$AZ)/64 -> 35.710069 | AC18: =AB18/AA18-1 -> 0.17327629
F20: =U20 -> Prior Price | I20: =X20 -> Price for 2QCY26 | J20: =X20 -> Price for 2QCY26 | L20: =AA20 -> 2QCY26 Over 1QCY26 | U20: Prior Price | X20: ="Price for "&$W$5 -> Price for 2QCY26 | AA20: =$W$5&" Over "&$T$5 -> 2QCY26 Over 1QCY26
C21: =R21 -> DRAM | F21: =U21 -> 4QCY25 | G21: =V21 -> 1QCY26 | H21: =W21 -> QoQ | I21: =X21 -> Apr-26 | J21: =Y21 -> May-26 | K21: =Z21 -> Jun-26 | L21: =AA21 -> Apr-26 | M21: =AB21 -> May-26 | N21: =AC21 -> Jun-26 | Q21: 2025 Weight | R21: DRAM | U21: =$AA$5 -> 4QCY25 | V21: =$AB$5 -> 1QCY26 | W21: QoQ | X21: =TEXT($AC$3,"MMM-YY") -> Apr-26 | Y21: =TEXT($AD$3,"MMM-YY") -> May-26 | Z21: =TEXT($AE$3,"MMM-YY") -> Jun-26 | AA21: =X21 -> Apr-26 | AB21: =Y21 -> May-26 | AC21: =Z21 -> Jun-26
C22: =R22 -> Contract Price (US$/GB, except the price of uMCP & eMCP is module price) | R22: Contract Price (US$/GB, except the price of uMCP & eMCP is module price)
C23: =R23 -> PC DRAM | E23: DDR4 8Gb Chip | F23: =U23 -> 8.1333333 | G23: =V23 -> 12.5 | H23: =W23 -> 0.53688525 | I23: =X23 -> 16 | J23: =Y23 -> 20 | K23: =Z23 -> #N/A | L23: =AA23 -> 0.28 | M23: =AB23 -> 0.6 | N23: =AC23 -> #N/A | P23: =AVERAGE(AA23:AA27) -> 0.33569223 | Q23: 0.10303961 | R23: PC DRAM | T23: 8Gb DDR4 | U23: =AVERAGEIF(DRAM!$BQ:$BQ,N_Summary!AA$4,DRAM!$BV:$BV) -> 8.1333333 | V23: =AVERAGEIF(DRAM!$BQ:$BQ,N_Summary!AB$4,DRAM!$BV:$BV) -> 12.5 | W23: =V23/U23-1 -> 0.53688525 | X23: {=INDEX(DRAM!$BV:$BV,MATCH(N_Summary!AC$3,DRAM!$BS:$BS,0),)} -> 16 | Y23: {=INDEX(DRAM!$BV:$BV,MATCH(N_Summary!AD$3,DRAM!$BS:$BS,0),)} -> 20 | Z23: {=INDEX(DRAM!$BV:$BV,MATCH(N_Summary!AE$3,DRAM!$BS:$BS,0),)} -> #N/A | AA23: =X23/$V23-1 -> 0.28 | AB23: =Y23/$V23-1 -> 0.6 | AC23: =Z23/$V23-1 -> #N/A
E24: DDR5 16Gb Chip | F24: =U24 -> 8.1666667 | G24: =V24 -> 14.916667 | H24: =W24 -> 0.82653061 | I24: =X24 -> 17.5 | J24: =Y24 -> 18.75 | K24: =Z24 -> #N/A | L24: =AA24 -> 0.17318436 | M24: =AB24 -> 0.25698324 | N24: =AC24 -> #N/A | T24: 16Gb DDR5 | U24: =AVERAGEIF(DRAM!$BQ:$BQ,N_Summary!AA$4,DRAM!$BX:$BX)/2 -> 8.1666667 | V24: =AVERAGEIF(DRAM!$BQ:$BQ,N_Summary!AB$4,DRAM!$BX:$BX)/2 -> 14.916667 | W24: =V24/U24-1 -> 0.82653061 | X24: {=INDEX(DRAM!$BX:$BX,MATCH(N_Summary!AC$3,DRAM!$BS:$BS,0),)/2} -> 17.5 | Y24: {=INDEX(DRAM!$BX:$BX,MATCH(N_Summary!AD$3,DRAM!$BS:$BS,0),)/2} -> 18.75 | Z24: {=INDEX(DRAM!$BX:$BX,MATCH(N_Summary!AE$3,DRAM!$BS:$BS,0),)/2} -> #N/A | AA24: =X24/$V24-1 -> 0.17318436 | AB24: =Y24/$V24-1 -> 0.25698324 | AC24: =Z24/$V24-1 -> #N/A
E25: =T25 -> DDR5 16GB UDIMM* | F25: =U25 -> 4.09375 | G25: =V25 -> 8.6666667 | H25: =W25 -> 1.1170483 | I25: =X25 -> 12.5625 | J25: =Y25 -> 12.8125 | K25: =Z25 -> #N/A | L25: =AA25 -> 0.44951923 | ... N25: =AC25 -> #N/A | T25: DDR5 16GB UDIMM* | U25: =AVERAGEIF(DRAM!$BQ:$BQ,N_Summary!AA$4,DRAM!$CB:$CB)/16 -> 4.09375 | V25: =AVERAGEIF(DRAM!$BQ:$BQ,N_Summary!AB$4,DRAM!$CB:$CB)/16 -> 8.6666667 | W25: =V25/U25-1 -> 1.1170483 | X25: {=INDEX(DRAM!$CB:$CB,MATCH(N_Summary!AC$3,DRAM!$BS:$BS,0),)/16} -> 12.5625 | Y25: {=INDEX(DRAM!$CB:$CB,MATCH(N_Summary!AD$3,DRAM!$BS:$BS,0),)/16} -> 12.8125 | Z25: {=INDEX(DRAM!$CB:$CB,MATCH(N_Summary!AE$3,DRAM!$BS:$BS,0),)/16} -> #N/A | AA25: =X25/$V25-1 -> 0.44951923 | AB25: =Y25/$V25-1 -> 0.47836538 | AC25: =Z25/$V25-1 -> #N/A | AD25: =R54*AVERAGE(U23:U24)+(1-R54)*(U25*U53+U27*(1-U53)) -> 4.5704217 | AE25: =R54*AVERAGE(V23:V24)+(1-R54)*(V25*V53+V27*(1-V53)) -> 9.3457545 | AF25: =R54*AVERAGE(X23:X24)+(1-R54)*(X25*X53+X27*(1-X53)) -> 13.16373 | AG25: =R54*AVERAGE(Y23:Y24)+(1-R54)*(Y25*Y53+Y27*(1-Y53)) -> 13.631502 | AH25: =R54*AVERAGE(Z23:Z24)+(1-R54)*(Z25*Z53+Z27*(1-Z53)) -> #N/A
E26: =T26 -> DDR4 16GB UDIMM* | F26: =U26 -> 4.59375 | G26: =V26 -> 10.3125 | H26: =W26 -> 1.244898 | I26: =X26 -> 14.1875 | J26: =Y26 -> 14.1875 | K26: =Z26 -> #N/A | L26: =AA26 -> 0.37575758 | ... N26: =AC26 -> #N/A | T26: DDR4 16GB UDIMM* | U26: =AVERAGEIF(DRAM!$BQ:$BQ,N_Summary!AA$4,DRAM!$CC:$CC)/16 -> 4.59375 | V26: =AVERAGEIF(DRAM!$BQ:$BQ,N_Summary!AB$4,DRAM!$CC:$CC)/16 -> 10.3125 | W26: =V26/U26-1 -> 1.244898 | X26: {=INDEX(DRAM!$CC:$CC,MATCH(N_Summary!AC$3,DRAM!$BS:$BS,0),)/16} -> 14.1875 | Y26: {=INDEX(DRAM!$CC:$CC,MATCH(N_Summary!AD$3,DRAM!$BS:$BS,0),)/16} -> 14.1875 | Z26: {=INDEX(DRAM!$CC:$CC,MATCH(N_Summary!AE$3,DRAM!$BS:$BS,0),)/16} -> #N/A | AA26: =X26/$V26-1 -> 0.37575758 | AB26: =Y26/$V26-1 -> 0.37575758 | AC26: =Z26/$V26-1 -> #N/A | AE26: =AE25/AD25-1 -> 1.0448342 | AF26: =AF25/AE25-1 -> 0.40852507 | AG26: =AG25/$AE25-1 -> 0.45857694 | AH26: =AH25/$AE25-1 -> #N/A
E27: =T27 -> DDR4 8GB UDIMM* | F27: =U27 -> 4.875 | G27: =V27 -> 10.625 | H27: =W27 -> 1.1794872 | I27: =X27 -> 14.875 | J27: =Y27 -> 14.875 | K27: =Z27 -> #N/A | L27: =AA27 -> 0.4 | ... N27: =AC27 -> #N/A | T27: DDR4 8GB UDIMM* | U27: =AVERAGEIF(DRAM!$BQ:$BQ,N_Summary!AA$4,DRAM!$CD:$CD)/8 -> 4.875 | V27: =AVERAGEIF(DRAM!$BQ:$BQ,N_Summary!AB$4,DRAM!$CD:$CD)/8 -> 10.625 | W27: =V27/U27-1 -> 1.1794872 | X27: {=INDEX(DRAM!$CD:$CD,MATCH(N_Summary!AC$3,DRAM!$BS:$BS,0),)/8} -> 14.875 | Y27: {=INDEX(DRAM!$CD:$CD,MATCH(N_Summary!AD$3,DRAM!$BS:$BS,0),)/8} -> 14.875 | Z27: {=INDEX(DRAM!$CD:$CD,MATCH(N_Summary!AE$3,DRAM!$BS:$BS,0),)/8} -> #N/A | AA27: =X27/$V27-1 -> 0.4 | AB27: =Y27/$V27-1 -> 0.4 | AC27: =Z27/$V27-1 -> #N/A
C29: =R29 -> Server DRAM | E29: =T29 -> DDR5 96GB RDIMM* | F29: =U29 -> 6.9270833 | G29: =V29 -> 13.854167 | H29: =W29 -> 1 | I29: =X29 -> 20.4375 | J29: =Y29 -> 21.041667 | K29: =Z29 -> #N/A | L29: =AA29 -> 0.47518797 | ... N29: =AC29 -> #N/A | P29: =AVERAGE(AA30,AA32) -> 0.50118584 | Q29: 0.37202453 | R29: Server DRAM | T29: DDR5 96GB RDIMM* | U29: =AVERAGEIF(DRAM!$BQ:$BQ,N_Summary!AA$4,DRAM!$CL:$CL)/96 -> 6.9270833 | V29: =AVERAGEIF(DRAM!$BQ:$BQ,N_Summary!AB$4,DRAM!$CL:$CL)/96 -> 13.854167 | W29: =V29/U29-1 -> 1 | X29: =INDEX(DRAM!$CE:$CW,MATCH(N_Summary!AC$3,DRAM!$CA:$CA,0),MATCH($T29,DRAM!$CE$28:$CW$28,0))/96 -> 20.4375 | Y29: =INDEX(DRAM!$CE:$CW,MATCH(N_Summary!AD$3,DRAM!$CA:$CA,0),MATCH($T29,DRAM!$CE$28:$CW$28,0))/96 -> 21.041667 | Z29: =INDEX(DRAM!$CE:$CW,MATCH(N_Summary!AE$3,DRAM!$CA:$CA,0),MATCH($T29,DRAM!$CE$28:$CW$28,0))/96 -> #N/A | AA29: =X29/$V29-1 -> 0.47518797 | AB29: =Y29/$V29-1 -> 0.51879699 | AC29: =Z29/$V29-1 -> #N/A
E30: =T30 -> DDR5 64GB RDIMM* | F30: =U30 -> 6.640625 | G30: =V30 -> 12.953125 | H30: =W30 -> 0.95058824 | I30: =X30 -> 19.109375 | J30: =Y30 -> 19.765625 | K30: =Z30 -> #N/A | L30: =AA30 -> 0.47527141 | ... N30: =AC30 -> #N/A | T30: DDR5 64GB RDIMM* | U30: =AVERAGEIF(DRAM!$BQ:$BQ,N_Summary!AA$4,DRAM!$CP:$CP)/64 -> 6.640625 | V30: =AVERAGEIF(DRAM!$BQ:$BQ,N_Summary!AB$4,DRAM!$CP:$CP)/64 -> 12.953125 | W30: =V30/U30-1 -> 0.95058824 | X30: =INDEX(DRAM!$CE:$CW,MATCH(N_Summary!AC$3,DRAM!$CA:$CA,0),MATCH($T30,DRAM!$CE$28:$CW$28,0))/64 -> 19.109375 | Y30: =INDEX(DRAM!$CE:$CW,MATCH(N_Summary!AD$3,DRAM!$CA:$CA,0),MATCH($T30,DRAM!$CE$28:$CW$28,0))/64 -> 19.765625 | Z30: =INDEX(DRAM!$CE:$CW,MATCH(N_Summary!AE$3,DRAM!$CA:$CA,0),MATCH($T30,DRAM!$CE$28:$CW$28,0))/64 -> #N/A | AA30: =X30/$V30-1 -> 0.47527141 | AB30: =Y30/$V30-1 -> 0.52593486 | AC30: =Z30/$V30-1 -> #N/A
E31: =T31 -> DDR5 48GB RDIMM* | F31: =U31 -> 7.0833333 | G31: =V31 -> 13.816667 | H31: =W31 -> 0.95058824 | I31: =X31 -> 20.383333 | J31: =Y31 -> 21.083333 | K31: =Z31 -> #N/A | L31: =AA31 -> 0.47527141 | ... N31: =AC31 -> #N/A | T31: DDR5 48GB RDIMM* | U31: =AVERAGEIF(DRAM!$BQ:$BQ,N_Summary!AA$4,DRAM!$CK:$CK)/48 -> 7.0833333 | V31: =AVERAGEIF(DRAM!$BQ:$BQ,N_Summary!AB$4,DRAM!$CK:$CK)/48 -> 13.816667 | W31: =V31/U31-1 -> 0.95058824 | X31: =INDEX(DRAM!$CE:$CW,MATCH(N_Summary!AC$3,DRAM!$CA:$CA,0),MATCH($T31,DRAM!$CE$28:$CW$28,0))/48 -> 20.383333 | Y31: =INDEX(DRAM!$CE:$CW,MATCH(N_Summary!AD$3,DRAM!$CA:$CA,0),MATCH($T31,DRAM!$CE$28:$CW$28,0))/48 -> 21.083333 | Z31: =INDEX(DRAM!$CE:$CW,MATCH(N_Summary!AE$3,DRAM!$CA:$CA,0),MATCH($T31,DRAM!$CE$28:$CW$28,0))/48 -> #N/A | AA31: =X31/$V31-1 -> 0.47527141 | AB31: =Y31/$V31-1 -> 0.52593486 | AC31: =Z31/$V31-1 -> #N/A
E32: =T32 -> DDR4 64GB RDIMM* | F32: =U32 -> 5.84375 | G32: =V32 -> 11.53125 | H32: =W32 -> 0.97326203 | I32: =X32 -> 17.609375 | J32: =Y32 -> 17.609375 | K32: =Z32 -> #N/A | L32: =AA32 -> 0.52710027 | ... N32: =AC32 -> #N/A | T32: DDR4 64GB RDIMM* | U32: =AVERAGEIF(DRAM!$BQ:$BQ,N_Summary!AA$4,DRAM!$CF:$CF)/64 -> 5.84375 | V32: =AVERAGEIF(DRAM!$BQ:$BQ,N_Summary!AB$4,DRAM!$CF:$CF)/64 -> 11.53125 | W32: =V32/U32-1 -> 0.97326203 | X32: =INDEX(DRAM!$CE:$CW,MATCH(N_Summary!AC$3,DRAM!$CA:$CA,0),MATCH($T32,DRAM!$CE$28:$CW$28,0))/64 -> 17.609375 | Y32: =INDEX(DRAM!$CE:$CW,MATCH(N_Summary!AD$3,DRAM!$CA:$CA,0),MATCH($T32,DRAM!$CE$28:$CW$28,0))/64 -> 17.609375 | Z32: =INDEX(DRAM!$CE:$CW,MATCH(N_Summary!AE3,DRAM!$CA:$CA,0),MATCH($T32,DRAM!$CE$28:$CW$28,0))/64 -> #N/A | AA32: =X32/$V32-1 -> 0.52710027 | AB32: =Y32/$V32-1 -> 0.52710027 | AC32: =Z32/$V32-1 -> #N/A
E33: =T33 -> DDR5 32GB RDIMM* | F33: =U33 -> 7.03125 | G33: =V33 -> 13.71875 | H33: =W33 -> 0.95111111 | I33: =X33 -> 20.25 | J33: =Y33 -> 20.90625 | K33: =Z33 -> #N/A | L33: =AA33 -> 0.476082 | ... N33: =AC33 -> #N/A | T33: DDR5 32GB RDIMM* | U33: =AVERAGEIF(DRAM!$BQ:$BQ,N_Summary!AA$4,DRAM!$CO:$CO)/32 -> 7.03125 | V33: =AVERAGEIF(DRAM!$BQ:$BQ,N_Summary!AB$4,DRAM!$CO:$CO)/32 -> 13.71875 | W33: =V33/U33-1 -> 0.95111111 | X33: =INDEX(DRAM!$CE:$CW,MATCH(N_Summary!AC$3,DRAM!$CA:$CA,0),MATCH($T33,DRAM!$CE$28:$CW$28,0))/32 -> 20.25 | Y33: =INDEX(DRAM!$CE:$CW,MATCH(N_Summary!AD$3,DRAM!$CA:$CA,0),MATCH($T33,DRAM!$CE$28:$CW$28,0))/32 -> 20.90625 | Z33: =INDEX(DRAM!$CE:$CW,MATCH(N_Summary!AE$3,DRAM!$CA:$CA,0),MATCH($T33,DRAM!$CE$28:$CW$28,0))/32 -> #N/A | AA33: =X33/$V33-1 -> 0.476082 | AB33: =Y33/$V33-1 -> 0.523918 | AC33: =Z33/$V33-1 -> #N/A
E34: =T34 -> DDR4 32GB RDIMM* | F34: =U34 -> 6.84375 | G34: =V34 -> 13.5 | H34: =W34 -> 0.97260274 | I34: =X34 -> 20.625 | J34: =Y34 -> 20.625 | K34: =Z34 -> #N/A | L34: =AA34 -> 0.52777778 | ... N34: =AC34 -> #N/A | T34: DDR4 32GB RDIMM* | U34: =AVERAGEIF(DRAM!$BQ:$BQ,N_Summary!AA$4,DRAM!$CE:$CE)/32 -> 6.84375 | V34: =AVERAGEIF(DRAM!$BQ:$BQ,N_Summary!AB$4,DRAM!$CE:$CE)/32 -> 13.5 | W34: =V34/U34-1 -> 0.97260274 | X34: =INDEX(DRAM!$CE:$CW,MATCH(N_Summary!AC$3,DRAM!$CA:$CA,0),MATCH($T34,DRAM!$CE$28:$CW$28,0))/32 -> 20.625 | Y34: =INDEX(DRAM!$CE:$CW,MATCH(N_Summary!AD$3,DRAM!$CA:$CA,0),MATCH($T34,DRAM!$CE$28:$CW$28,0))/32 -> 20.625 | Z34: =INDEX(DRAM!$CE:$CW,MATCH(N_Summary!AE3,DRAM!$CA:$CA,0),MATCH($T34,DRAM!$CE$28:$CW$28,0))/32 -> #N/A | AA34: =X34/$V34-1 -> 0.52777778 | AB34: =Y34/$V34-1 -> 0.52777778 | AC34: =Z34/$V34-1 -> #N/A
C36: =R36 -> Mobile DRAM | E36: =T36 -> LPDDR5 16GB Discrete | F36: =U36 -> 3.9964418 | G36: =V36 -> 6.3261351 | H36: =W36 -> 0.5829419 | I36: =X36 -> 11.425 | L36: =AA36 -> 0.806 | P36: =AVERAGE(AA36:AC39) -> 0.76075 | Q36: 0.37493586 | R36: Mobile DRAM | T36: LPDDR5 16GB Discrete | U36: =INDEX(DRAM!$EB:$EH,MATCH(AA$4,DRAM!$EA:$EA,0),MATCH($T36,DRAM!$EB$28:$EH$28,0))/16 -> 3.9964418 | V36: =INDEX(DRAM!$EB:$EH,MATCH(AB$4,DRAM!$EA:$EA,0),MATCH($T36,DRAM!$EB$28:$EH$28,0))/16 -> 6.3261351 | W36: =V36/U36-1 -> 0.5829419 | X36: =INDEX(DRAM!$EB:$EH,MATCH(N_Summary!$AC$4,DRAM!$EA:$EA,0),MATCH($T36,DRAM!$EB$28:$EH$28,0))/16 -> 11.425 | AA36: =X36/V36-1 -> 0.806 | AD36: =AVERAGE(U36:U37)*AD44+AVERAGE(U38:U39)*(1-AD44) -> 3.9734359 | AE36: =AVERAGE(V36:V37)*AE44+AVERAGE(V38:V39)*(1-AE44) -> 6.28287 | AF36: =AVERAGE(X36:X37)*AF44+AVERAGE(X38:X39)*(1-AF44) -> 11.186642
E37: =T37 -> LPDDR5 12GB Discrete | F37: =U37 -> 3.99754 | G37: =V37 -> 6.3401776 | H37: =W37 -> 0.58601981 | I37: =X37 -> 11.425 | L37: =AA37 -> 0.802 | T37: LPDDR5 12GB Discrete | U37: =INDEX(DRAM!$EC:$EH,MATCH(AA$4,DRAM!$EA:$EA,0),MATCH($T37,DRAM!$EC$28:$EH$28,0))/12 -> 3.99754 | V37: =INDEX(DRAM!$EC:$EH,MATCH(AB$4,DRAM!$EA:$EA,0),MATCH($T37,DRAM!$EC$28:$EH$28,0))/12 -> 6.3401776 | W37: =V37/U37-1 -> 0.58601981 | X37: =INDEX(DRAM!$EC:$EH,MATCH(N_Summary!$AC$4,DRAM!$EA:$EA,0),MATCH($T37,DRAM!$EC$28:$EH$28,0))/12 -> 11.425 | AA37: =X37/V37-1 -> 0.802 | AE37: =AE36/AD36-1 -> 0.58121843 | AF37: =AF36/AE36-1 -> 0.78049866
E38: =T38 -> LPDDR4X 8GB Discrete | F38: =U38 -> 3.9333333 | G38: =V38 -> 6.1808387 | H38: =W38 -> 0.57139966 | I38: =X38 -> 10.6125 | L38: =AA38 -> 0.717 | T38: LPDDR4X 8GB Discrete | U38: =INDEX(DRAM!$EC:$EH,MATCH(AA$4,DRAM!$EA:$EA,0),MATCH($T38,DRAM!$EC$28:$EH$28,0))/8 -> 3.9333333 | V38: =INDEX(DRAM!$EC:$EH,MATCH(AB$4,DRAM!$EA:$EA,0),MATCH($T38,DRAM!$EC$28:$EH$28,0))/8 -> 6.1808387 | W38: =V38/U38-1 -> 0.57139966 | X38: =INDEX(DRAM!$EC:$EH,MATCH(N_Summary!$AC$4,DRAM!$EA:$EA,0),MATCH($T38,DRAM!$EC$28:$EH$28,0))/8 -> 10.6125 | AA38: =X38/V38-1 -> 0.717
E39: =T39 -> LPDDR4X 4GB Discrete | F39: =U39 -> 3.9333333 | G39: =V39 -> 6.1699651 | H39: =W39 -> 0.56863519 | I39: =X39 -> 10.6 | L39: =AA39 -> 0.718 | T39: LPDDR4X 4GB Discrete | U39: =INDEX(DRAM!$EC:$EH,MATCH(AA$4,DRAM!$EA:$EA,0),MATCH($T39,DRAM!$EC$28:$EH$28,0))/4 -> 3.9333333 | V39: =INDEX(DRAM!$EC:$EH,MATCH(AB$4,DRAM!$EA:$EA,0),MATCH($T39,DRAM!$EC$28:$EH$28,0))/4 -> 6.1699651 | W39: =V39/U39-1 -> 0.56863519 | X39: =INDEX(DRAM!$EC:$EH,MATCH(N_Summary!$AC$4,DRAM!$EA:$EA,0),MATCH($T39,DRAM!$EC$28:$EH$28,0))/4 -> 10.6 | AA39: =X39/V39-1 -> 0.718
E40: uMCP (LPDDR4X 64Gb+NAND 128GB)** | F40: =U40 -> 40.866703 | G40: =V40 -> 65.653153 | H40: =W40 -> 0.60651944 | I40: =X40 -> 116.6 | L40: =AA40 -> 0.776 | T40: LPDDR4X 128GB/64Gb uMCP | U40: =INDEX(DRAM!$EC:$EH,MATCH(AA$4,DRAM!$EA:$EA,0),MATCH($T40,DRAM!$EC$28:$EH$28,0)) -> 40.866703 | V40: =INDEX(DRAM!$EC:$EH,MATCH(AB$4,DRAM!$EA:$EA,0),MATCH($T40,DRAM!$EC$28:$EH$28,0)) -> 65.653153 | W40: =V40/U40-1 -> 0.60651944 | X40: =INDEX(DRAM!$EC:$EH,MATCH(N_Summary!$AC$4,DRAM!$EA:$EA,0),MATCH($T40,DRAM!$EC$28:$EH$28,0)) -> 116.6 | AA40: =X40/V40-1 -> 0.776
E41: eMCP (LPDDR4X 32Gb+NAND 64GB)** | F41: =U41 -> 20.901194 | G41: =V41 -> 34.831971 | H41: =W41 -> 0.66650625 | I41: =X41 -> 76.7 | L41: =AA41 -> 1.202 | T41: LPDDR4X 64GB/32Gb eMCP | U41: =INDEX(DRAM!$EC:$EH,MATCH(AA$4,DRAM!$EA:$EA,0),MATCH($T41,DRAM!$EC$28:$EH$28,0)) -> 20.901194 | V41: =INDEX(DRAM!$EC:$EH,MATCH(AB$4,DRAM!$EA:$EA,0),MATCH($T41,DRAM!$EC$28:$EH$28,0)) -> 34.831971 | W41: =V41/U41-1 -> 0.66650625 | X41: =INDEX(DRAM!$EC:$EH,MATCH(N_Summary!$AC$4,DRAM!$EA:$EA,0),MATCH($T41,DRAM!$EC$28:$EH$28,0)) -> 76.7 | AA41: =X41/V41-1 -> 1.202
C43: =R43 -> Specialty DRAM | E43: =T43 -> DDR4 4Gb | F43: =U43 -> 7 | G43: =V43 -> 12.666667 | H43: =W43 -> 0.80952381 | I43: =X43 -> 20 | J43: =Y43 -> 24 | K43: =Z43 -> #N/A | L43: =AA43 -> 0.57894737 | ... N43: =AC43 -> #N/A | P43: =AVERAGE(AA43:AA44) -> 0.62280702 | Q43: 0.15 | R43: Specialty DRAM | T43: DDR4 4Gb | U43: =AVERAGEIF(DRAM!$BQ:$BQ,N_Summary!AA$4,DRAM!$CQ:$CQ)*2 -> 7 | V43: =AVERAGEIF(DRAM!$BQ:$BQ,N_Summary!AB$4,DRAM!$CQ:$CQ)*2 -> 12.666667 | W43: =V43/U43-1 -> 0.80952381 | X43: =INDEX(DRAM!$CE:$CW,MATCH(N_Summary!AC3,DRAM!$CA:$CA,0),MATCH($T43,DRAM!$CE$28:$CW$28,0))/4*8 -> 20 | Y43: =INDEX(DRAM!$CE:$CW,MATCH(N_Summary!AD3,DRAM!$CA:$CA,0),MATCH($T43,DRAM!$CE$28:$CW$28,0))/4*8 -> 24 | Z43: =INDEX(DRAM!$CE:$CW,MATCH(N_Summary!AE3,DRAM!$CA:$CA,0),MATCH($T43,DRAM!$CE$28:$CW$28,0))/4*8 -> #N/A | AA43: =X43/$V43-1 -> 0.57894737 | AB43: =Y43/$V43-1 -> 0.89473684 | AC43: =Z43/$V43-1 -> #N/A
E44: =T44 -> DDR3 4Gb | F44: =U44 -> 5.9333333 | G44: =V44 -> 12 | H44: =W44 -> 1.0224719 | I44: =X44 -> 20 | J44: =Y44 -> 22 | K44: =Z44 -> #N/A | L44: =AA44 -> 0.66666667 | ... N44: =AC44 -> #N/A | P44: =SUMPRODUCT(P23:P43,Q23:Q43) -> 0.59969653 | T44: DDR3 4Gb | U44: =AVERAGEIF(DRAM!$BQ:$BQ,N_Summary!AA$4,DRAM!$CR:$CR)*2 -> 5.9333333 | V44: =AVERAGEIF(DRAM!$BQ:$BQ,N_Summary!AB$4,DRAM!$CR:$CR)*2 -> 12 | W44: =V44/U44-1 -> 1.0224719 | X44: =INDEX(DRAM!$CE:$CW,MATCH(N_Summary!AC3,DRAM!$CA:$CA,0),MATCH($T44,DRAM!$CE$28:$CW$28,0))/4*8 -> 20 | Y44: =INDEX(DRAM!$CE:$CW,MATCH(N_Summary!AD3,DRAM!$CA:$CA,0),MATCH($T44,DRAM!$CE$28:$CW$28,0))/4*8 -> 22 | Z44: =INDEX(DRAM!$CE:$CW,MATCH(N_Summary!AE3,DRAM!$CA:$CA,0),MATCH($T44,DRAM!$CE$28:$CW$28,0))/4*8 -> #N/A | AA44: =X44/$V44-1 -> 0.66666667 | AB44: =Y44/$V44-1 -> 0.83333333 | AC44: =Z44/$V44-1 -> #N/A | AD44: 0.62997325 | AE44: 0.68123678 | AF44: 0.7088753
C45: =R45 -> Weighted Average | F45: =U45 -> 5.449422 | G45: =V45 -> 10.121424 | H45: =W45 -> 0.85733893 | I45: =X45 -> 15.841155 | J45: =Y45 -> 16.561147 | K45: =Z45 -> #N/A | L45: =AA45 -> 0.56511133 | M45: =AB45 -> 0.63624674 | N45: =AC45 -> #N/A | R45: Weighted Average | U45: =SUM((R54*AVERAGE(U23:U24)+(1-R54)*(U25*U53+U27*(1-U53)))*$Q23,(AVERAGE(U29:U31)*U53+AVERAGE(U32)*(1-U53))*$Q29,AVERAGE(U36:U39)*$Q36,AVERAGE(U43:U44)*$Q43) -> 5.449422 | V45: =SUM((R54*AVERAGE(V23:V24)+(1-R54)*(V25*V53+V27*(1-V53)))*$Q23,(AVERAGE(V29:V31)*V53+AVERAGE(V32)*(1-V53))*$Q29,AVERAGE(V36:V39)*$Q36,AVERAGE(V43:V44)*$Q43) -> 10.121424 | W45: =V45/U45-1 -> 0.85733893 | X45: =SUM((R54*AVERAGE(X23:X24)+(1-R54)*(X25*X53+X27*(1-X53)))*$Q23,(AVERAGE(X29:X31)*X53+AVERAGE(X32)*(1-X53))*$Q29,AVERAGE(X36:X39)*$Q36,AVERAGE(X43:X44)*$Q43) -> 15.841155 | Y45: =SUM((R54*AVERAGE(Y23:Y24)+(1-R54)*(Y25*Y53+Y27*(1-Y53)))*$Q23,(AVERAGE(Y29:Y31)*Y53+AVERAGE(Y32)*(1-Y53))*$Q29,AVERAGE(X36:X39)*$Q36,AVERAGE(Y43:Y44)*$Q43) -> 16.561147 | Z45: =SUM((R54*AVERAGE(Z23:Z24)+(1-R54)*(Z25*Z53+Z27*(1-Z53)))*$Q23,(AVERAGE(Z29:Z31)*Z53+AVERAGE(Z32)*(1-Z53))*$Q29,AVERAGE(X36:X39)*$Q36,AVERAGE(Z43:Z44)*$Q43) -> #N/A | AA45: =X45/$V45-1 -> 0.56511133 | AB45: =Y45/$V45-1 -> 0.63624674 | AC45: =Z45/$V45-1 -> #N/A
P46: =SUMPRODUCT(P48:P50,Q48:Q50) -> -0.057905801
C47: Bernstein Estimate (Blended ASP, inc HBM)**** | Q47: 2025 Relative M/S | R47: Bernstein Estimate (Blended ASP, inc HBM)
C48: =R48 -> Samsung | F48: =U48 -> 4.941266 | G48: =V48 -> 7.7739932 | H48: =W48 -> 0.57327962 | I48: =X48 -> 11.347866 | K48: =V48 -> 7.7739932 | L48: =AA48 -> 0.45972167 | N48: =Z48 -> 0 | P48: -0.025 | Q48: 0.38918499 | R48: Samsung | U48: 4.941266 | V48: 7.7739932 | W48: =V48/U48-1 -> 0.57327962 | X48: 11.347866 | AA48: =X48/V48-1 -> 0.45972167
C49: =R49 -> SK hynix | F49: =U49 -> 5.0656138 | G49: =V49 -> 7.1167011 | H49: =W49 -> 0.40490398 | I49: =X49 -> 10.380808 | K49: =V49 -> 7.1167011 | L49: =AA49 -> 0.45865447 | N49: =Z49 -> 0 | P49: -0.1 | Q49: 0.35270851 | R49: SK hynix | U49: 5.0656138 | V49: 7.1167011 | W49: =V49/U49-1 -> 0.40490398 | X49: 10.380808 | AA49: =X49/V49-1 -> 0.45865447
C50: =R50 -> Micron*** | F50: =U50 -> 4.3120544 | G50: =V50 -> 6.9701819 | H50: =W50 -> 0.61644108 | I50: =X50 -> 10.480166 | K50: =V50 -> 6.9701819 | L50: =AA50 -> 0.50357135 | N50: =Z50 -> 0 | P50: -0.05 | Q50: 0.2581065 | R50: Micron*** | U50: 4.3120544 | V50: 6.9701819 | W50: =V50/U50-1 -> 0.61644108 | X50: 10.480166 | AA50: =X50/V50-1 -> 0.50357135
C51: =R51 -> Weighted Average | F51: =U51 -> 4.822721 | G51: =V51 -> 7.3346917 | H51: =W51 -> 0.52086173 | I51: =X51 -> 10.782817 | K51: =V51 -> 7.3346917 | L51: =AA51 -> 0.47011187 | N51: =Z51 -> 0 | Q51: =SUM(Q48:Q50) -> 1 | R51: Weighted Average | U51: =SUMPRODUCT(U48:U50,$Q$48:$Q$50) -> 4.822721 | V51: =SUMPRODUCT(V48:V50,$Q$48:$Q$50) -> 7.3346917 | W51: =V51/U51-1 -> 0.52086173 | X51: =SUMPRODUCT(X48:X50,$Q$48:$Q$50) -> 10.782817 | AA51: =X51/V51-1 -> 0.47011187
C53: *: DIMM = Dual In-line Memory Module; UDIMM (Unbuffered DIMM) is the DIMM mostly for desktop PC; RDIMM (Registered DIMM) is mostly for server | Q53: server DDR5 mix | U53: 0.89895587 | V53: 0.90075394 | X53: 0.91232216 | Y53: =X53 -> 0.91232216 | Z53: =Y53 -> 0.91232216
C54: **: eMCP (Embedded Multi-Chip Package) is mostly used in mobile applications & is a package standard that extends the eMMC standard (which consists of NAND & controller) to include DRAM too in the package. uMCP (UFS + MCP) is similar to eMCP but replace eMMC with UFS. Their prices include the DRAM, NAND & controller in the package but are classified as part of DRAM statistics as DRAM contributes more value. | Q54: weight of chip | R54: 0.1 | U54: =AVERAGE(U29:U31)*U53+(1-U53)*AVERAGE(U32) -> 6.7786017 | V54: =AVERAGE(V29:V31)*V53+(1-V53)*AVERAGE(V32) -> 13.341828 | X54: =AVERAGE(X29:X31)*X53+(1-X53)*AVERAGE(X32) -> 19.769171 | Y54: =AVERAGE(Y29:Y31)*Y53+(1-Y53)*AVERAGE(Y32) -> 20.365348 | Z54: =AVERAGE(Z29:Z31)*Z53+(1-Z53)*AVERAGE(Z32) -> #N/A
C55: ***: Micron's quarter ends a month earlier. | V55: =V54/U54-1 -> 0.96822716 | X55: =X54/$V$54-1 -> 0.48174381 | Y55: =Y54/$V$54-1 -> 0.52642863 | Z55: =Z54/$V$54-1 -> #N/A
B56: xxx | C56: ****: Our models were last updated in Mar 2026.
F58: =U58 -> Price at End of Month | L58: Quarterly Avg | U58: Price at End of Month | AA58: Quarterly Avg
F59: =U59 -> Mar-26 | G59: =V59 -> Apr-26 | H59: =W59 -> May-26 | I59: =X59 -> MoM | L59: =AA59 -> 1QCY26 | M59: =AB59 -> 2QCY26 QTD | N59: =AC59 -> QoQ | U59: =TEXT($U$3,"MMM-YY") -> Mar-26 | V59: =TEXT($V$3,"MMM-YY") -> Apr-26 | W59: =TEXT($W$3,"MMM-YY") -> May-26 | X59: MoM | AA59: =$T$5 -> 1QCY26 | AB59: =$W$5&" "&"QTD" -> 2QCY26 QTD | AC59: QoQ
C60: =R60 -> NAND | I60: =X60 -> 46112 | J60: =Y60 -> 46142 | K60: =Z60 -> 46173 | R60: NAND | X60: =EOMONTH(Y60,-1) -> 46112 | Y60: =EOMONTH(Z60,-1) -> 46142 | Z60: =$W$3 -> 46173
C61: =R61 -> Spot Price (US$/GB) | R61: Spot Price (US$/GB)
C62: =R62 -> NAND Wafer | E62: =T62 -> 1Tb 3D TLC/QLC | F62: =U62 -> 0.21226563 | G62: =V62 -> 0.19664063 | H62: =W62 -> 0.19695313 | I62: =X62 -> 0.26137419 | J62: =Y62 -> -0.0736106 | K62: =Z62 -> 0.0015891935 | L62: =AA62 -> 0.17747396 | ... N62: =AC62 -> 0.11958914 | R62: NAND Wafer | T62: 1Tb 3D TLC/QLC | U62: {=INDEX(NAND!$H:$H,MATCH(U$3,NAND!$E:$E,1),)/1024*8} -> 0.21226563 | V62: {=INDEX(NAND!$H:$H,MATCH(V$3,NAND!$E:$E,1),)/1024*8} -> 0.19664063 | W62: {=INDEX(NAND!$H:$H,MATCH(W$3,NAND!$E:$E,1),)/1024*8} -> 0.19695313 | X62: {=U62*1024/8/INDEX(NAND!$H:$H,MATCH(T$3,NAND!$E:$E,1),)-1} -> 0.26137419 | Y62: =V62/U62-1 -> -0.0736106 | Z62: =W62/V62-1 -> 0.0015891935 | AA62: =AVERAGEIF(NAND!$C:$C,N_Summary!T$4,NAND!$H:$H)/1024*8 -> 0.17747396 | AB62: =AVERAGEIF(NAND!$C:$C,N_Summary!W$4,NAND!$H:$H)/1024*8 -> 0.19869792 | AC62: =AB62/AA62-1 -> 0.11958914
E63: =T63 -> 512Gb 3D TLC | F63: =U63 -> 0.34625 | G63: =V63 -> 0.32171875 | H63: =W63 -> 0.3225 | I63: =X63 -> 0.23454039 | J63: =Y63 -> -0.070848375 | K63: =Z63 -> 0.0024283633 | L63: =AA63 -> 0.29408854 | ... N63: =AC63 -> 0.10558163 | T63: 512Gb 3D TLC | U63: {=INDEX(NAND!$G:$G,MATCH(U$3,NAND!$E:$E,1),)/512*8} -> 0.34625 | V63: {=INDEX(NAND!$G:$G,MATCH(V$3,NAND!$E:$E,1),)/512*8} -> 0.32171875 | W63: {=INDEX(NAND!$G:$G,MATCH(W$3,NAND!$E:$E,1),)/512*8} -> 0.3225 | X63: {=U63*512/8/INDEX(NAND!$G:$G,MATCH(T$3,NAND!$E:$E,1),)-1} -> 0.23454039 | Y63: =V63/U63-1 -> -0.070848375 | Z63: =W63/V63-1 -> 0.0024283633 | AA63: =AVERAGEIF(NAND!$C:$C,N_Summary!T$4,NAND!$G:$G)/512*8 -> 0.29408854 | AB63: =AVERAGEIF(NAND!$C:$C,N_Summary!W$4,NAND!$G:$G)/512*8 -> 0.32513889 | AC63: =AB63/AA63-1 -> 0.10558163
E64: 3D TLC 256Gb | F64: =U64 -> 0.34125 | G64: =V64 -> 0.3275 | H64: =W64 -> 0.3275 | I64: =X64 -> 0.248 | J64: =Y64 -> -0.04029304 | K64: =Z64 -> 0 | L64: =AA64 -> 0.28674479 | M64: =AB64 -> 0.3290625 | N64: =AC64 -> 0.14757969 | T64: 256Gb 3D TLC | U64: {=INDEX(NAND!$F:$F,MATCH(U$3,NAND!$E:$E,1),)/256*8} -> 0.34125 | V64: {=INDEX(NAND!$F:$F,MATCH(V$3,NAND!$E:$E,1),)/256*8} -> 0.3275 | W64: {=INDEX(NAND!$F:$F,MATCH(W$3,NAND!$E:$E,1),)/256*8} -> 0.3275 | X64: {=U64*256/8/INDEX(NAND!$F:$F,MATCH(T$3,NAND!$E:$E,1),)-1} -> 0.248 | Y64: =V64/U64-1 -> -0.04029304 | Z64: =W64/V64-1 -> 0 | AA64: =AVERAGEIF(NAND!$C:$C,N_Summary!T$4,NAND!$F:$F)/256*8 -> 0.28674479 | AB64: =AVERAGEIF(NAND!$C:$C,N_Summary!W$4,NAND!$F:$F)/256*8 -> 0.3290625 | AC64: =AB64/AA64-1 -> 0.14757969
F66: =U66 -> Prior Price | I66: =X66 -> Price for 2QCY26 | J66: =X67 -> Apr-26 | L66: =AA66 -> 2QCY26 Over 1QCY26 | U66: Prior Price | X66: ="Price for "&$W$5 -> Price for 2QCY26 | AA66: =$W$5&" Over "&$T$5 -> 2QCY26 Over 1QCY26
C67: =R67 -> NAND | F67: =U67 -> 4QCY25 | G67: =V67 -> 1QCY26 | H67: =W67 -> QoQ | I67: =X67 -> Apr-26 | J67: =Y67 -> May-26 | K67: =Z67 -> Jun-26 | L67: =AA67 -> Apr-26 | M67: =AB67 -> May-26 | N67: =AC67 -> Jun-26 | R67: NAND | U67: =$AA$5 -> 4QCY25 | V67: =$AB$5 -> 1QCY26 | W67: QoQ | X67: =TEXT($AC$3,"MMM-YY") -> Apr-26 | Y67: =TEXT($AD$3,"MMM-YY") -> May-26 | Z67: =TEXT($AE$3,"MMM-YY") -> Jun-26 | AA67: =X67 -> Apr-26 | AB67: =Y67 -> May-26 | AC67: =Z67 -> Jun-26
C68: =R68 -> Contract Price (US$/GB) | R68: Contract Price (US$/GB)
C69: =R69 -> NAND Wafer | E69: =T69 -> 1Tb 3D QLC | F69: =U69 -> 0.091380208 | G69: =V69 -> 0.19119792 | H69: =W69 -> 1.092334 | I69: =X69 -> 0.23242188 | J69: =Y69 -> 0.23648437 | K69: =Z69 -> #N/A | L69: =AA69 -> 0.21560883 | ... N69: =AC69 -> #N/A | Q69: 0.6 | R69: NAND Wafer | T69: 1Tb 3D QLC | U69: =AVERAGEIF(NAND!$AJ:$AJ,N_Summary!AA$4,NAND!$AP:$AP)/1024*8 -> 0.091380208 | V69: =AVERAGEIF(NAND!$AJ:$AJ,N_Summary!AB$4,NAND!$AP:$AP)/1024*8 -> 0.19119792 | W69: =V69/U69-1 -> 1.092334 | X69: {=INDEX(NAND!$AP:$AP,MATCH(N_Summary!AC$3,NAND!$AK:$AK,0),)/1024*8} -> 0.23242188 | Y69: {=INDEX(NAND!$AP:$AP,MATCH(N_Summary!AD$3,NAND!$AK:$AK,0),)/1024*8} -> 0.23648437 | Z69: {=INDEX(NAND!$AP:$AP,MATCH(N_Summary!AE$3,NAND!$AK:$AK,0),)/1024*8} -> #N/A | AA69: =X69/$V69-1 -> 0.21560883 | AB69: =Y69/$V69-1 -> 0.23685644 | AC69: =Z69/$V69-1 -> #N/A | AE69: 0.1 | AF69: 0.25
E70: =T70 -> 1Tb 3D TLC | F70: =U70 -> 0.099375 | G70: =V70 -> 0.19736979 | H70: =W70 -> 0.98611111 | I70: =X70 -> 0.23984375 | J70: =Y70 -> 0.24421875 | K70: =Z70 -> #N/A | L70: =AA70 -> 0.21519989 | ... N70: =AC70 -> #N/A | T70: 1Tb 3D TLC | U70: =AVERAGEIF(NAND!$AJ:$AJ,N_Summary!AA$4,NAND!$AO:$AO)/1024*8 -> 0.099375 | V70: =AVERAGEIF(NAND!$AJ:$AJ,N_Summary!AB$4,NAND!$AO:$AO)/1024*8 -> 0.19736979 | W70: =V70/U70-1 -> 0.98611111 | X70: {=INDEX(NAND!$AO:$AO,MATCH(N_Summary!AC$3,NAND!$AK:$AK,0),)/1024*8} -> 0.23984375 | Y70: {=INDEX(NAND!$AO:$AO,MATCH(N_Summary!AD$3,NAND!$AK:$AK,0),)/1024*8} -> 0.24421875 | Z70: {=INDEX(NAND!$AO:$AO,MATCH(N_Summary!AE$3,NAND!$AK:$AK,0),)/1024*8} -> #N/A | AA70: =X70/$V70-1 -> 0.21519989 | AB70: =Y70/$V70-1 -> 0.23736641 | AC70: =Z70/$V70-1 -> #N/A | AE70: =0.9*0.3 -> 0.27 | AF70: 0.78
E71: =T71 -> 512Gb 3D TLC | F71: =U71 -> 0.13416667 | G71: =V71 -> 0.31151042 | H71: =W71 -> 1.3218168 | I71: =X71 -> 0.38859375 | J71: =Y71 -> 0.3978125 | K71: =Z71 -> #N/A | L71: =AA71 -> 0.24745026 | ... N71: =AC71 -> #N/A | T71: 512Gb 3D TLC | U71: =AVERAGEIF(NAND!$AJ:$AJ,N_Summary!AA$4,NAND!$AN:$AN)/512*8 -> 0.13416667 | V71: =AVERAGEIF(NAND!$AJ:$AJ,N_Summary!AB$4,NAND!$AN:$AN)/512*8 -> 0.31151042 | W71: =V71/U71-1 -> 1.3218168 | X71: {=INDEX(NAND!$AN:$AN,MATCH(N_Summary!AC$3,NAND!$AK:$AK,0),)/512*8} -> 0.38859375 | Y71: {=INDEX(NAND!$AN:$AN,MATCH(N_Summary!AD$3,NAND!$AK:$AK,0),)/512*8} -> 0.3978125 | Z71: {=INDEX(NAND!$AN:$AN,MATCH(N_Summary!AE$3,NAND!$AK:$AK,0),)/512*8} -> #N/A | AA71: =X71/$V71-1 -> 0.24745026 | AB71: =Y71/$V71-1 -> 0.27704397 | AC71: =Z71/$V71-1 -> #N/A | AE71: =0.9*0.5 -> 0.45 | AF71: 0.5
E72: 3D TLC 256Gb | F72: =U72 -> 0.15885417 | G72: =V72 -> 0.34833333 | H72: =W72 -> 1.1927869 | I72: =X72 -> 0.4659375 | J72: =Y72 -> 0.4809375 | K72: =Z72 -> #N/A | L72: =AA72 -> 0.33761962 | M72: =AB72 -> 0.38068182 | N72: =AC72 -> #N/A | T72: 256Gb 3D TLC | U72: =AVERAGEIF(NAND!$AJ:$AJ,N_Summary!AA$4,NAND!$AM:$AM)/256*8 -> 0.15885417 | V72: =AVERAGEIF(NAND!$AJ:$AJ,N_Summary!AB$4,NAND!$AM:$AM)/256*8 -> 0.34833333 | W72: =V72/U72-1 -> 1.1927869 | X72: {=INDEX(NAND!$AM:$AM,MATCH(N_Summary!AC$3,NAND!$AK:$AK,0),)/256*8} -> 0.4659375 | Y72: {=INDEX(NAND!$AM:$AM,MATCH(N_Summary!AD$3,NAND!$AK:$AK,0),)/256*8} -> 0.4809375 | Z72: {=INDEX(NAND!$AM:$AM,MATCH(N_Summary!AE$3,NAND!$AK:$AK,0),)/256*8} -> #N/A | AA72: =X72/$V72-1 -> 0.33761962 | AB72: =Y72/$V72-1 -> 0.38068182 | AC72: =Z72/$V72-1 -> #N/A
AE73: =0.9*0.2 -> 0.18 | AF73: 0.72
C74: =R74 -> eMMC/UFS* | E74: =T74 -> 512GB UFS | F74: =U74 -> 0.067070313 | G74: =V74 -> 0.13226562 | H74: =W74 -> 0.97204426 | I74: =X74 -> 0.23808594 | L74: =AA74 -> 0.80005907 | Q74: =1-Q66-Q69 -> 0.4 | R74: eMMC/UFS* | T74: 512GB UFS | U74: =AVERAGEIF(NAND!$BK:$BK,N_Summary!AA$4,NAND!$BP:$BP)/512 -> 0.067070313 | V74: =AVERAGEIF(NAND!$BK:$BK,N_Summary!AB$4,NAND!$BP:$BP)/512 -> 0.13226562 | W74: =V74/U74-1 -> 0.97204426 | X74: =AVERAGEIF(NAND!$BK:$BK,N_Summary!AC$4,NAND!$BP:$BP)/512 -> 0.23808594 | AA74: =X74/V74-1 -> 0.80005907 | AF74: =SUMPRODUCT(AE69:AE73,AF69:AF73) -> 0.5902
E75: =T75 -> 256GB UFS | F75: =U75 -> 0.068242187 | G75: =V75 -> 0.13097656 | H75: =W75 -> 0.91929021 | I75: =X75 -> 0.23582031 | L75: =AA75 -> 0.80047718 | T75: 256GB UFS | U75: =AVERAGEIF(NAND!$BK:$BK,N_Summary!AA$4,NAND!$BO:$BO)/256 -> 0.068242187 | V75: =AVERAGEIF(NAND!$BK:$BK,N_Summary!AB$4,NAND!$BO:$BO)/256 -> 0.13097656 | W75: =V75/U75-1 -> 0.91929021 | X75: =AVERAGEIF(NAND!$BK:$BK,N_Summary!AC$4,NAND!$BO:$BO)/256 -> 0.23582031 | AA75: =X75/V75-1 -> 0.80047718
E76: =T76 -> 128GB UFS | F76: =U76 -> 0.0659375 | G76: =V76 -> 0.13226562 | H76: =W76 -> 1.0059242 | I76: =X76 -> 0.23125 | L76: =AA76 -> 0.74837566 | T76: 128GB UFS | U76: =AVERAGEIF(NAND!$BK:$BK,N_Summary!AA$4,NAND!$BN:$BN)/128 -> 0.0659375 | V76: =AVERAGEIF(NAND!$BK:$BK,N_Summary!AB$4,NAND!$BN:$BN)/128 -> 0.13226562 | W76: =V76/U76-1 -> 1.0059242 | X76: =AVERAGEIF(NAND!$BK:$BK,N_Summary!AC$4,NAND!$BN:$BN)/128 -> 0.23125 | AA76: =X76/V76-1 -> 0.74837566
E77: =T77 -> 128GB TLC eMMC | F77: =U77 -> 0.066640625 | G77: =V77 -> 0.13148437 | H77: =W77 -> 0.97303634 | I77: =X77 -> 0.230625 | L77: =AA77 -> 0.7540107 | T77: 128GB TLC eMMC | U77: =AVERAGEIF(NAND!$BK:$BK,N_Summary!AA$4,NAND!$BL:$BL)/128 -> 0.066640625 | V77: =AVERAGEIF(NAND!$BK:$BK,N_Summary!AB$4,NAND!$BL:$BL)/128 -> 0.13148437 | W77: =V77/U77-1 -> 0.97303634 | X77: =AVERAGEIF(NAND!$BK:$BK,N_Summary!AC$4,NAND!$BL:$BL)/128 -> 0.230625 | AA77: =X77/V77-1 -> 0.7540107
C78: =R78 -> Weighted Average | F78: =U78 -> 0.091911458 | G78: =V78 -> 0.19264583 | H78: =W78 -> 1.0959937 | I78: =X78 -> 0.26610937 | J78: =Y78 -> 0.26964063 | K78: =Z78 -> #N/A | L78: =AA78 -> 0.38133989 | M78: =AB78 -> 0.39967016 | N78: =AC78 -> #N/A | R78: Weighted Average | U78: =SUM(AVERAGE(U69:U71)*$Q$69,AVERAGE(U74:U75,U77)*$Q$74) -> 0.091911458 | V78: =SUM(AVERAGE(V69:V71)*$Q$69,AVERAGE(V74:V75,V77)*$Q$74) -> 0.19264583 | W78: =V78/U78-1 -> 1.0959937 | X78: =SUM(AVERAGE(X69:X71)*$Q$69,AVERAGE(X74:X75,$X77)*$Q$74) -> 0.26610937 | Y78: =SUM(AVERAGE(Y69:Y71)*$Q$69,AVERAGE(X74:X75,$X77)*$Q$74) -> 0.26964063 | Z78: =SUM(AVERAGE(Z69:Z71)*$Q$69,AVERAGE(X74:X75,$X77)*$Q$74) -> #N/A | AA78: =X78/$V78-1 -> 0.38133989 | AB78: =Y78/$V78-1 -> 0.39967016 | AC78: =Z78/$V78-1 -> #N/A
C80: =R80 -> Bernstein Estimate (Blended ASP, inc eSSD)**** | Q80: 2025 Relative M/S | R80: Bernstein Estimate (Blended ASP, inc eSSD)****
C81: =R81 -> Samsung | F81: =U81 -> 0.082876275 | G81: =V81 -> 0.15746492 | H81: =W81 -> 0.9 | I81: =X81 -> 0.25981712 | K81: =U90 -> 0 | L81: =AA81 -> 0.65 | N81: =X90 -> 0 | Q81: 0.34049232 | R81: Samsung | U81: 0.082876275 | V81: 0.15746492 | W81: =V81/U81-1 -> 0.9 | X81: 0.25981712 | AA81: =X81/V81-1 -> 0.65
C82: =R82 -> SK hynix | F82: =U82 -> 0.10355532 | G82: =V82 -> 0.17604405 | H82: =W82 -> 0.7 | I82: =X82 -> 0.29047268 | K82: =U91 -> 0 | L82: =AA82 -> 0.65 | N82: =X91 -> 0 | Q82: 0.18498323 | R82: SK hynix | U82: 0.10355532 | V82: 0.17604405 | W82: =V82/U82-1 -> 0.7 | X82: 0.29047268 | AA82: =X82/V82-1 -> 0.65
C83: =R83 -> Micron** | F83: =U83 -> 0.079095022 | G83: =V83 -> 0.15028054 | H83: =W83 -> 0.9 | I83: =X83 -> 0.24796289 | K83: =U92 -> 0 | L83: =AA83 -> 0.65 | N83: =X92 -> 0 | Q83: 0.13623528 | R83: Micron** | U83: 0.079095022 | V83: 0.15028054 | W83: =V83/U83-1 -> 0.9 | X83: 0.24796289 | AA83: =X83/V83-1 -> 0.65
C84: =R84 -> KIOXIA | F84: =U84 -> 0.05212041 | G84: =V84 -> 0.093816737 | H84: =W84 -> 0.8 | I84: =X84 -> 0.15479762 | K84: =U93 -> 0 | L84: =AA84 -> 0.65 | N84: =X93 -> 0 | Q84: 0.22133378 | R84: KIOXIA | U84: 0.05212041 | V84: 0.093816737 | W84: =V84/U84-1 -> 0.8 | X84: 0.15479762 | AA84: =X84/V84-1 -> 0.65
C85: =R85 -> SanDisk | F85: =U85 -> 0.10085746 | G85: =V85 -> 0.24192779 | H85: =W85 -> 1.3987099 | I85: =X85 -> 0.28789406 | K85: =U94 -> 0 | L85: =AA85 -> 0.19 | N85: =X94 -> 0 | Q85: 0.11695539 | R85: SanDisk | U85: 0.10085746 | V85: 0.24192779 | W85: =V85/U85-1 -> 1.3987099 | X85: 0.28789406 | AA85: =X85/V85-1 -> 0.19
C86: =R86 -> Weighted Average | F86: =U86 -> 0.081482096 | G86: =V86 -> 0.15571388 | H86: =W86 -> 0.91101952 | I86: =X86 -> 0.24391231 | K86: =U93 -> 0 | L86: =AA86 -> 0.56641343 | N86: =X93 -> 0 | Q86: =SUM(Q81:Q85) -> 1 | R86: Weighted Average | U86: =SUMPRODUCT(U81:U85,$Q$81:$Q$85) -> 0.081482096 | V86: =SUMPRODUCT(V81:V85,$Q$81:$Q$85) -> 0.15571388 | W86: =V86/U86-1 -> 0.91101952 | X86: =SUMPRODUCT(X81:X85,$Q$81:$Q$85) -> 0.24391231 | AA86: =X86/V86-1 -> 0.56641343
C88: *: eMMC (Embedded Multi Media Card) is a standard that packages NAND dies & controller together. UFS (Universal Flash Storage) is an enhancement over eMMC.
C89: **: Micron's quarter ends a month earlier. | U89: =IF(LEFT(U4,1)="1",4,LEFT(U4,1)-1)&"QFY"&IF(LEFT(U4,1)="1",RIGHT(U4,2)-1,RIGHT(U4,2)) -> 4QFY25 | V89: =IF(LEFT(V4,1)="1",4,LEFT(V4,1)-1)&"QFY"&IF(LEFT(V4,1)="1",RIGHT(V4,2)-1,RIGHT(V4,2)) -> 1QFY26 | W89: =IF(LEFT(W4,1)="1",4,LEFT(W4,1)-1)&"QFY"&IF(LEFT(W4,1)="1",RIGHT(W4,2)-1,RIGHT(W4,2)) -> 1QFY26 | AA89: =IF(LEFT(AA4,1)="1",4,LEFT(AA4,1)-1)&"QFY"&IF(LEFT(AA4,1)="1",RIGHT(AA4,2)-1,RIGHT(AA4,2)) -> 3QFY25 | AB89: =IF(LEFT(AB4,1)="1",4,LEFT(AB4,1)-1)&"QFY"&IF(LEFT(AB4,1)="1",RIGHT(AB4,2)-1,RIGHT(AB4,2)) -> 4QFY25 | AC89: =IF(LEFT(AC4,1)="1",4,LEFT(AC4,1)-1)&"QFY"&IF(LEFT(AC4,1)="1",RIGHT(AC4,2)-1,RIGHT(AC4,2)) -> 1QFY26
B90: xxx | C90: ****: Our models were last updated in Mar 2026.
C91: Source: DRAMeXchange, Bernstein estimates and analysis
O97: =R23 -> PC DRAM | P97: 0.093209967
O98: =R29 -> Server DRAM | P98: 0.3365346
O99: HBM | P99: 0.081087234
O100: =R36 -> Mobile DRAM | P100: 0.3391682
C101: 微信：WUXL3408 | O101: =R43 -> Specialty DRAM | P101: =Q43 -> 0.15

Sheet DRAM
B19: Source: DRAMeXchange and Bernstein analysis
E20: Spot Price | BS20: Contract Price
DP21: For Exhibit
E22: Daily | S22: Daily | AH22: Weekly | AQ22: Weekly | BS22: Monthly | EA22: Quarterly
E25: Spot-PC DRAM DDR4_8Gb_1Gx8_2666/3200MHz | S25: Spot-PC DRAM DDR5_16Gb_2Gx8_4800/5600MHz | AH25: Spot-PC DRAM DDR4_8Gb_1Gx8_2666/3200MHz | AL25: Spot-PC DRAM DDR5_16Gb_2Gx8_4800/5600MHz | AQ25: Spot-Server DRAM | CA25: Price | CB25: DDR5 | CC25: DDR4 | DA25: =DQ27&" MoM" -> DDR4 32GB RDIMM MoM | DB25: =DR27&" MoM" -> DDR4 64GB RDIMM MoM | DK25: =DS27&" MoM" -> 32GB MoM | DL25: =DT27&" MoM" -> 64GB MoM | EA25: Price | FI25: eMCP LPDDR3 32GB + 24Gb | FP25: DDR2 1Gb, 128Mx8 800MHz | FU25: DDR2 1Gb, 128Mx8 800MHz | FZ25: DDR3 2Gb | GE25: DDR3 2Gb | GJ25: DDR3_4Gb_512Mx8_1600MHz | GO25: DDR3_4Gb_512Mx8_1600MHz
E26: DDR4 8Gb | N26: 1D/5D/15D Delta | S26: DDR5 16Gb | AB26: 1D/5D/15D Delta | AH26: DDR4 8Gb | AL26: DDR5 16Gb | AQ26: DRAM Server DRAM Average Spot Price (US$) | BB26: WoW | BS26: PC Die Contract Price (US$) | CA26: Average Contract Price (US$) | CT26: DDR5 vs. DDR4 | CX26: MoM | DA26: MoM | DQ26: Server Contract Price (US$/GB) | EA26: Average Contract Price (US$) | EJ26: QoQ | FI26: Mobile DRAM Contract | FP26: DDR2 1Gb Spot | FU26: DDR2 1Gb Contract | FZ26: DDR3 2Gb Spot | GE26: DDR3 2Gb Contract | GJ26: DDR3 4Gb Spot | GO26: DDR3 4Gb Contract
L27: Spot | Z27: Spot | AT27: Spot | AU27: Contract | AV27: Spot | AW27: Contract | AX27: Spot | AY27: Contract | AZ27: Spot | BA27: Contract | BB27: =AT28 -> DDR4 32GB RDIMM | BE27: =AV28 -> DDR4 64GB RDIMM | BH27: =AX28 -> DDR5 32GB RDIMM | BK27: =AZ28 -> DDR5 64GB RDIMM | BT27: DDR4_8Gb_1Gx8 | BV27: DDR4_8Gb_1Gx8 | BW27: DDR4_16Gb_2Gx8 | BX27: DDR5_16Gb_2Gx8 | CB27: PC | CC27: PC | CD27: PC | CE27: Server | CF27: Server | CG27: Server | CH27: Server | CI27: Server | CJ27: Server | CK27: Server | CL27: Server | CM27: Server | CN27: Server | CO27: Server | CP27: Server | CQ27: Specialty | CR27: Specialty | CX27: PC | CY27: PC | CZ27: PC | DA27: Server | DB27: Server | DC27: Server | DD27: Server | DE27: Server | DF27: Server | DG27: Server | DH27: Server | DI27: Server | DJ27: Server | DK27: Server | DL27: Server | DM27: Specialty | DN27: Specialty | DQ27: =DQ28 -> DDR4 32GB RDIMM | DR27: =DR28 -> DDR4 64GB RDIMM | DS27: 32GB | DT27: 64GB | DU27: 48GB | DV27: 96GB | DW27: 128GB | DX27: 128GB | EC27: Mobile | EE27: Mobile | EF27: Mobile | EG27: Mobile eMCP | EH27: Mobile uMCP
C28: Qtr | D28: Month | E28: Date | F28: Spot (US$/Gb) | G28: Contract (US$/Gb) | I28: Date | J28: High | K28: Low | L28: Avg | M28: Contract | N28: 1D Delta | O28: 1W Delta | P28: 2W Delta | Q28: Delta V.S. Contract | S28: Date | T28: Spot (US$/Gb) | U28: Contract (US$/Gb) | W28: Date | X28: High | Y28: Low | Z28: Avg | AA28: Contract | AB28: 1D Delta | AC28: 1W Delta | AD28: 2W Delta | AE28: Delta V.S. Contract | AH28: =I28 -> Date | AI28: =L28 -> Avg | AJ28: =O28 -> 1W Delta | AK28: =P28 -> 2W Delta | AL28: =M28 -> Contract | AM28: =AI28 -> Avg | AN28: =AJ28 -> 1W Delta | AO28: =AK28 -> 2W Delta | AQ28: Qtr | AR28: Month | AS28: Date | AT28: DDR4 32GB RDIMM | AU28: Contract Price | AV28: DDR4 64GB RDIMM | AW28: Contract Price | AX28: DDR5 32GB RDIMM | AY28: Contract Price | AZ28: DDR5 64GB RDIMM | BA28: Contract Price | BB28: 1W Delta | BC28: 2W Delta | BD28: 3W Delta | BE28: =BB28 -> 1W Delta | BF28: =BC28 -> 2W Delta | BG28: =BD28 -> 3W Delta | BH28: 1W Delta | BI28: 2W Delta | BJ28: 3W Delta | BK28: =BH28 -> 1W Delta | BL28: =BI28 -> 2W Delta | BM28: =BJ28 -> 3W Delta | BQ28: Qtr | BR28: Month | BS28: Date | BT28: High | BU28: Low | BV28: Avg | BW28: Avg | BX28: Avg | CA28: Date | CB28: DDR5 16GB UDIMM | CC28: DDR4 16GB UDIMM | CD28: DDR4 8GB UDIMM | CE28: DDR4 32GB RDIMM | CF28: DDR4 64GB RDIMM | CG28: DDR5 32GB RDIMM 5600Mbps | CH28: DDR5 64GB RDIMM 5600Mbps | CI28: DDR5 32GB RDIMM 4800Mbps | CJ28: DDR5 64GB RDIMM 4800Mbps | CK28: DDR5 48GB RDIMM | CL28: DDR5 96GB RDIMM | CM28: DDR5 128GB RDIMM (3DS) | CN28: DDR5 128GB RDIMM (non-3DS) | CO28: DDR5 32GB RDIMM | CP28: DDR5 64GB RDIMM | CQ28: DDR4 4Gb | CR28: DDR3 4Gb | CT28: DDR5 16GB UDIMM vs. DDR4 16GB UDIMM | CU28: DDR5 32GB RDIMM vs. DDR4 32GB RDIMM | CV28: DDR5 64GB RDIMM vs. DDR4 64GB RDIMM | CX28: DDR5 16GB UDIMM | CY28: DDR4 16GB UDIMM | CZ28: DDR4 UDIMM 8GB | DA28: =CE28 -> DDR4 32GB RDIMM | DB28: =CF28 -> DDR4 64GB RDIMM | DC28: DDR5 32GB RDIMM 5600Mbps | DD28: DDR5 64GB RDIMM 5600Mbps | DE28: DDR5 32GB RDIMM 4800Mbps | DF28: DDR5 64GB RDIMM 4800Mbps | DG28: DDR5 48GB RDIMM | DH28: DDR5 96GB RDIMM | DI28: DDR5 128GB RDIMM (3DS) | DJ28: DDR5 128GB RDIMM (non-3DS) | DK28: DDR5 32GB RDIMM | DL28: DDR5 64GB RDIMM | DM28: =CQ28 -> DDR4 4Gb | DN28: =CR28 -> DDR3 4Gb | DQ28: =DA28 -> DDR4 32GB RDIMM | DR28: =DB28 -> DDR4 64GB RDIMM | DS28: DDR5 32GB RDIMM | DT28: DDR5 64GB RDIMM | DU28: DDR5 48GB RDIMM | DV28: DDR5 96GB RDIMM | DW28: DDR5 128GB RDIMM (3DS) | DX28: DDR5 128GB RDIMM (non-3DS) | EA28: Date | EB28: LPDDR5 16GB discrete | EC28: LPDDR5 8GB discrete | ED28: LPDDR5 12GB discrete | EE28: LPDDR4X 8GB discrete | EF28: LPDDR4X 4GB discrete | EG28: LPDDR4X 64GB/32Gb eMCP | EH28: LPDDR4X 128GB/64Gb uMCP | EJ28: LPDDR5 16GB discrete | EK28: =EC28 -> LPDDR5 8GB discrete | EL28: LPDDR5 12GB discrete | EM28: =EE28 -> LPDDR4X 8GB discrete | EN28: =EF28 -> LPDDR4X 4GB discrete | EO28: =EG28 -> LPDDR4X 64GB/32Gb eMCP | EP28: =EH28 -> LPDDR4X 128GB/64Gb uMCP | FI28: Date | FJ28: High | FK28: Low | FL28: Avg | FP28: Date | FQ28: Avg | FR28: 8Gb Eq | FU28: Date | FV28: Avg | FW28: 8Gb Eq | FZ28: Date | GA28: Avg | GB28: 8Gb Eq | GE28: Date | GF28: Avg | GG28: 8Gb Eq | GJ28: Date | GK28: Avg | GL28: 8Gb Eq | GO28: Date | GP28: Avg | GQ28: 8Gb Eq
C29: {=_xlfn.IFS(MONTH(D29)<4,1,MONTH(D29)<7,2,MONTH(D29)<10,3,MONTH(D29)>9,4)&"Q"&RIGHT(YEAR(D29),2)} -> 1Q16 | D29: =EOMONTH(E29,0) -> 42429 | E29: =+I29 -> 42425 | F29: =+L29/8 -> 0.601875 | G29: =+M29/8 -> 0.42 | I29: 42425 | J29: 5.05 | K29: 4.6 | L29: 4.815 | M29: 3.36 | Q29: =L29/M29-1 -> 0.43303571 | AH29: =I30 -> 42426 | AI29: =IFERROR(VLOOKUP(AH29,$I:$L,4,FALSE),VLOOKUP(AH29,$I:$L,4,TRUE)) -> 4.813 | AQ29: {=_xlfn.IFS(MONTH(AR29)<4,1,MONTH(AR29)<7,2,MONTH(AR29)<10,3,MONTH(AR29)>9,4)&"Q"&RIGHT(YEAR(AR29),2)} -> 1Q19 | AR29: =EOMONTH(AS29,0) -> 43496 | AS29: 43479 | AU29: {=INDEX($CE$29:$CE$1449,MATCH($AR29,$CA$29:$CA$1449,0),)} -> 232.87 | AW29: {=INDEX($CF$29:$CF$1449,MATCH($AR29,$CA$29:$CA$1449,0),)} -> 475 | BQ29: {=_xlfn.IFS(MONTH(BR29)<4,1,MONTH(BR29)<7,2,MONTH(BR29)<10,3,MONTH(BR29)>9,4)&"Q"&RIGHT(YEAR(BR29),2)} -> 2Q16 | BR29: =EOMONTH(BS29,0) -> 42551 | BS29: 42551 | BT29: 3.06 | BU29: 2.81 | BV29: 2.94 | EA29: 3Q17 | EF29: 25.4 | FI29: =$EA29 -> 3Q17 | FN29: =YEAR(FP29) -> 2009 | FO29: =WEEKNUM(FP29) -> 5 | FP29: 39844 | FQ29: 0.91933333 | FR29: =FQ29*8 -> 7.3546667 | FS29: =YEAR(FU29) -> 2009 | FT29: =WEEKNUM(FU29) -> 5 | FU29: 39844 | FV29: 0.81 | FW29: =FV29*8 -> 6.48 | FX29: =YEAR(FZ29) -> 2010 | FY29: =WEEKNUM(FZ29) -> 40 | FZ29: 40450 | GA29: 4.15 | GB29: =GA29*4 -> 16.6 | GC29: =YEAR(GE29) -> 2010 | GD29: =WEEKNUM(GE29) -> 38 | GE29: 40436 | GF29: 4.34 | GG29: =GF29*4 -> 17.36 | GH29: =YEAR(GJ29) -> 2013 | GI29: =WEEKNUM(GJ29) -> 1 | GJ29: 41276 | GK29: 2.27 | GL29: =GK29*2 -> 4.54 | GM29: =YEAR(GO29) -> 2012 | GN29: =WEEKNUM(GO29) -> 48 | GO29: 41242 | GP29: 1.59 | GQ29: =GP29*2 -> 3.18
C30: {=_xlfn.IFS(MONTH(D30)<4,1,MONTH(D30)<7,2,MONTH(D30)<10,3,MONTH(D30)>9,4)&"Q"&RIGHT(YEAR(D30),2)} -> 1Q16 | D30: =EOMONTH(E30,0) -> 42429 | E30: =+I30 -> 42426 | F30: =+L30/8 -> 0.601625 | G30: =+M30/8 -> 0.42 | I30: 42426 | J30: 5.05 | K30: 4.6 | L30: 4.813 | M30: 3.36 | Q30: =L30/M30-1 -> 0.43244048 | AH30: =WORKDAY(AH29,6) -> 42436 | AI30: =IFERROR(VLOOKUP(AH30,$I:$L,4,FALSE),VLOOKUP(AH30,$I:$L,4,TRUE)) -> 4.707 | AJ30: =AI30/AI29-1 -> -0.022023686 | AQ30: {=_xlfn.IFS(MONTH(AR30)<4,1,MONTH(AR30)<7,2,MONTH(AR30)<10,3,MONTH(AR30)>9,4)&"Q"&RIGHT(YEAR(AR30),2)} -> 1Q19 | AR30: =EOMONTH(AS30,0) -> 43496 | AS30: 43493 | AU30: {=INDEX($CE$29:$CE$1449,MATCH($AR30,$CA$29:$CA$1449,0),)} -> 232.87 | AW30: {=INDEX($CF$29:$CF$1449,MATCH($AR30,$CA$29:$CA$1449,0),)} -> 475 | BQ30: {=_xlfn.IFS(MONTH(BR30)<4,1,MONTH(BR30)<7,2,MONTH(BR30)<10,3,MONTH(BR30)>9,4)&"Q"&RIGHT(YEAR(BR30),2)} -> 3Q16 | BR30: =EOMONTH(BS30,0) -> 42582 | BS30: =EOMONTH(BS29,1) -> 42582 | BT30: 3.06 | BU30: 2.94 | BV30: 3 | EA30: 4Q17 | EF30: 28.1 | EG30: 50.9 | FI30: =$EA30 -> 4Q17 | FL30: 32 | FN30: =YEAR(FP30) -> 2009 | FO30: =WEEKNUM(FP30) -> 9 | FP30: 39872 | FQ30: 1.0365 | FR30: =FQ30*8 -> 8.292 | FS30: =YEAR(FU30) -> 2009 | FT30: =WEEKNUM(FU30) -> 9 | FU30: 39872 | FV30: 0.88 | FW30: =FV30*8 -> 7.04 | FX30: =YEAR(FZ30) -> 2010 | FY30: =WEEKNUM(FZ30) -> 40 | FZ30: 40451 | GA30: 4.1 | GB30: =GA30*4 -> 16.4 | GC30: =YEAR(GE30) -> 2010 | GD30: =WEEKNUM(GE30) -> 40 | GE30: 40451 | GF30: 4.09 | GG30: =GF30*4 -> 16.36 | GH30: =YEAR(GJ30) -> 2013 | GI30: =WEEKNUM(GJ30) -> 1 | GJ30: 41277 | GK30: 2.291 | GL30: =GK30*2 -> 4.582 | GM30: =YEAR(GO30) -> 2012 | GN30: =WEEKNUM(GO30) -> 50 | GO30: 41257 | GP30: 1.63 | GQ30: =GP30*2 -> 3.26
C31: {=_xlfn.IFS(MONTH(D31)<4,1,MONTH(D31)<7,2,MONTH(D31)<10,3,MONTH(D31)>9,4)&"Q"&RIGHT(YEAR(D31),2)} -> 1Q16 | D31: =EOMONTH(E31,0) -> 42429 | E31: =+I31 -> 42429 | F31: =+L31/8 -> 0.599375 | G31: =+M31/8 -> 0.42 | I31: 42429 | J31: 5 | K31: 4.6 | L31: 4.795 | M31: 3.36 | Q31: =L31/M31-1 -> 0.42708333 | AH31: =WORKDAY(AH30,6) -> 42444 | AI31: =IFERROR(VLOOKUP(AH31,$I:$L,4,FALSE),VLOOKUP(AH31,$I:$L,4,TRUE)) -> 4.695 | AJ31: =AI31/AI30-1 -> -0.0025493945 | AK31: =AI31/AI29-1 -> -0.024516933 | AQ31: {=_xlfn.IFS(MONTH(AR31)<4,1,MONTH(AR31)<7,2,MONTH(AR31)<10,3,MONTH(AR31)>9,4)&"Q"&RIGHT(YEAR(AR31),2)} -> 1Q19 | AR31: =EOMONTH(AS31,0) -> 43524 | AS31: 43507 | AU31: {=INDEX($CE$29:$CE$1449,MATCH($AR31,$CA$29:$CA$1449,0),)} -> 209.58 | AW31: {=INDEX($CF$29:$CF$1449,MATCH($AR31,$CA$29:$CA$1449,0),)} -> 420 | BQ31: {=_xlfn.IFS(MONTH(BR31)<4,1,MONTH(BR31)<7,2,MONTH(BR31)<10,3,MONTH(BR31)>9,4)&"Q"&RIGHT(YEAR(BR31),2)} -> 3Q16 | BR31: =EOMONTH(BS31,0) -> 42613 | BS31: =EOMONTH(BS30,1) -> 42613 | BT31: 3.19 | BU31: 2.94 | BV31: 3.06 | EA31: 1Q18 | EF31: 29.6 | EG31: 53 | EN31: =EF31/EF30-1 -> 0.053380783 | EO31: =EG31/EG30-1 -> 0.041257367 | FI31: =$EA31 -> 1Q18 | FL31: 33.6 | FN31: =YEAR(FP31) -> 2009 | FO31: =WEEKNUM(FP31) -> 14 | FP31: 39903 | FQ31: 0.85636364 | FR31: =FQ31*8 -> 6.8509091 | FS31: =YEAR(FU31) -> 2009 | FT31: =WEEKNUM(FU31) -> 14 | FU31: 39903 | FV31: 0.88 | FW31: =FV31*8 -> 7.04 | FX31: =YEAR(FZ31) -> 2010 | FY31: =WEEKNUM(FZ31) -> 40 | FZ31: 40452 | GA31: 4.09 | GB31: =GA31*4 -> 16.36 | GC31: =YEAR(GE31) -> 2010 | GD31: =WEEKNUM(GE31) -> 42 | GE31: 40465 | GF31: 3.78 | GG31: =GF31*4 -> 15.12 | GH31: =YEAR(GJ31) -> 2013 | GI31: =WEEKNUM(GJ31) -> 1 | GJ31: 41278 | GK31: 2.294 | GL31: =GK31*2 -> 4.588 | GM31: =YEAR(GO31) -> 2012 | GN31: =WEEKNUM(GO31) -> 52 | GO31: 41271 | GP31: 1.66 | GQ31: =GP31*2 -> 3.32
C32: {=_xlfn.IFS(MONTH(D32)<4,1,MONTH(D32)<7,2,MONTH(D32)<10,3,MONTH(D32)>9,4)&"Q"&RIGHT(YEAR(D32),2)} -> 1Q16 | D32: =EOMONTH(E32,0) -> 42460 | E32: =+I32 -> 42430 | F32: =+L32/8 -> 0.58875 | G32: =+M32/8 -> 0.4032 | I32: 42430 | J32: 4.9 | K32: 4.6 | L32: 4.71 | M32: 3.2256 | Q32: =L32/M32-1 -> 0.46019345 | AH32: =WORKDAY(AH31,6) -> 42452 | AI32: =IFERROR(VLOOKUP(AH32,$I:$L,4,FALSE),VLOOKUP(AH32,$I:$L,4,TRUE)) -> 4.693 | AJ32: =AI32/AI31-1 -> -0.00042598509 | AK32: =AI32/AI30-1 -> -0.0029742936 | AQ32: {=_xlfn.IFS(MONTH(AR32)<4,1,MONTH(AR32)<7,2,MONTH(AR32)<10,3,MONTH(AR32)>9,4)&"Q"&RIGHT(YEAR(AR32),2)} -> 1Q19 | AR32: =EOMONTH(AS32,0) -> 43524 | AS32: 43514 | AU32: {=INDEX($CE$29:$CE$1449,MATCH($AR32,$CA$29:$CA$1449,0),)} -> 209.58 | AW32: {=INDEX($CF$29:$CF$1449,MATCH($AR32,$CA$29:$CA$1449,0),)} -> 420 | BQ32: {=_xlfn.IFS(MONTH(BR32)<4,1,MONTH(BR32)<7,2,MONTH(BR32)<10,3,MONTH(BR32)>9,4)&"Q"&RIGHT(YEAR(BR32),2)} -> 3Q16 | BR32: =EOMONTH(BS32,0) -> 42643 | BS32: =EOMONTH(BS31,1) -> 42643 | BT32: 3.44 | BU32: 3.19 | BV32: 3.31 | EA32: 2Q18 | EF32: 29.7 | EG32: 51 | EN32: =EF32/EF31-1 -> 0.0033783784 | EO32: =EG32/EG31-1 -> -0.037735849 | FI32: =$EA32 -> 2Q18 | FL32: 32.5 | FN32: =YEAR(FP32) -> 2009 | FO32: =WEEKNUM(FP32) -> 18 | FP32: 39933 | FQ32: 1.0977273 | FR32: =FQ32*8 -> 8.7818182 | FS32: =YEAR(FU32) -> 2009 | FT32: =WEEKNUM(FU32) -> 18 | FU32: 39933 | FV32: 0.91 | FW32: =FV32*8 -> 7.28 | FX32: =YEAR(FZ32) -> 2010 | FY32: =WEEKNUM(FZ32) -> 41 | FZ32: 40455 | GA32: 4.04 | GB32: =GA32*4 -> 16.16 | GC32: =YEAR(GE32) -> 2010 | GD32: =WEEKNUM(GE32) -> 44 | GE32: 40480 | GF32: 3.22 | GG32: =GF32*4 -> 12.88 | GH32: =YEAR(GJ32) -> 2013 | GI32: =WEEKNUM(GJ32) -> 2 | GJ32: 41281 | GK32: 2.296 | GL32: =GK32*2 -> 4.592 | GM32: =YEAR(GO32) -> 2013 | GN32: =WEEKNUM(GO32) -> 3 | GO32: 41289 | GP32: 1.84 | GQ32: =GP32*2 -> 3.68
C33: {=_xlfn.IFS(MONTH(D33)<4,1,MONTH(D33)<7,2,MONTH(D33)<10,3,MONTH(D33)>9,4)&"Q"&RIGHT(YEAR(D33),2)} -> 1Q16 | D33: =EOMONTH(E33,0) -> 42460 | E33: =+I33 -> 42431 | F33: =+L33/8 -> 0.5885 | G33: =+M33/8 -> 0.4032 | I33: 42431 | J33: 4.9 | K33: 4.6 | L33: 4.708 | M33: 3.2256 | Q33: =L33/M33-1 -> 0.45957341 | AH33: =WORKDAY(AH32,6) -> 42460 | AI33: =IFERROR(VLOOKUP(AH33,$I:$L,4,FALSE),VLOOKUP(AH33,$I:$L,4,TRUE)) -> 4.691 | AJ33: =AI33/AI32-1 -> -0.00042616663 | AK33: =AI33/AI31-1 -> -0.00085197018 | AQ33: {=_xlfn.IFS(MONTH(AR33)<4,1,MONTH(AR33)<7,2,MONTH(AR33)<10,3,MONTH(AR33)>9,4)&"Q"&RIGHT(YEAR(AR33),2)} -> 1Q19 | AR33: =EOMONTH(AS33,0) -> 43524 | AS33: 43521 | AU33: {=INDEX($CE$29:$CE$1449,MATCH($AR33,$CA$29:$CA$1449,0),)} -> 209.58 | AW33: {=INDEX($CF$29:$CF$1449,MATCH($AR33,$CA$29:$CA$1449,0),)} -> 420 | BQ33: {=_xlfn.IFS(MONTH(BR33)<4,1,MONTH(BR33)<7,2,MONTH(BR33)<10,3,MONTH(BR33)>9,4)&"Q"&RIGHT(YEAR(BR33),2)} -> 4Q16 | BR33: =EOMONTH(BS33,0) -> 42674 | BS33: =EOMONTH(BS32,1) -> 42674 | BT33: 4.13 | BU33: 3.94 | BV33: 4.06 | EA33: 3Q18 | EF33: 29.7 | EG33: 51 | EN33: =EF33/EF32-1 -> 0 | EO33: =EG33/EG32-1 -> 0 | FI33: =$EA33 -> 3Q18 | FL33: 31.6 | FN33: =YEAR(FP33) -> 2009 | FO33: =WEEKNUM(FP33) -> 23 | FP33: 39964 | FQ33: 1.2321053 | FR33: =FQ33*8 -> 9.8568421 | FS33: =YEAR(FU33) -> 2009 | FT33: =WEEKNUM(FU33) -> 23 | FU33: 39964 | FV33: 1.095 | FW33: =FV33*8 -> 8.76 | FX33: =YEAR(FZ33) -> 2010 | FY33: =WEEKNUM(FZ33) -> 41 | FZ33: 40456 | GA33: 4.02 | GB33: =GA33*4 -> 16.08 | GC33: =YEAR(GE33) -> 2010 | GD33: =WEEKNUM(GE33) -> 47 | GE33: 40497 | GF33: 2.97 | GG33: =GF33*4 -> 11.88 | GH33: =YEAR(GJ33) -> 2013 | GI33: =WEEKNUM(GJ33) -> 2 | GJ33: 41282 | GK33: 2.296 | GL33: =GK33*2 -> 4.592 | GM33: =YEAR(GO33) -> 2013 | GN33: =WEEKNUM(GO33) -> 5 | GO33: 41303 | GP33: 1.91 | GQ33: =GP33*2 -> 3.82
C34: {=_xlfn.IFS(MONTH(D34)<4,1,MONTH(D34)<7,2,MONTH(D34)<10,3,MONTH(D34)>9,4)&"Q"&RIGHT(YEAR(D34),2)} -> 1Q16 | D34: =EOMONTH(E34,0) -> 42460 | E34: =+I34 -> 42432 | F34: =+L34/8 -> 0.588375 | G34: =+M34/8 -> 0.4032 | I34: 42432 | J34: 4.9 | K34: 4.6 | L34: 4.707 | M34: 3.2256 | Q34: =L34/M34-1 -> 0.45926339 | AH34: =WORKDAY(AH33,6) -> 42468 | AI34: =IFERROR(VLOOKUP(AH34,$I:$L,4,FALSE),VLOOKUP(AH34,$I:$L,4,TRUE)) -> 4.688 | AJ34: =AI34/AI33-1 -> -0.00063952249 | AK34: =AI34/AI32-1 -> -0.0010654166 | AQ34: {=_xlfn.IFS(MONTH(AR34)<4,1,MONTH(AR34)<7,2,MONTH(AR34)<10,3,MONTH(AR34)>9,4)&"Q"&RIGHT(YEAR(AR34),2)} -> 1Q19 | AR34: =EOMONTH(AS34,0) -> 43555 | AS34: 43528 | AU34: {=INDEX($CE$29:$CE$1449,MATCH($AR34,$CA$29:$CA$1449,0),)} -> 167.67 | AW34: {=INDEX($CF$29:$CF$1449,MATCH($AR34,$CA$29:$CA$1449,0),)} -> 340 | BQ34: {=_xlfn.IFS(MONTH(BR34)<4,1,MONTH(BR34)<7,2,MONTH(BR34)<10,3,MONTH(BR34)>9,4)&"Q"&RIGHT(YEAR(BR34),2)} -> 4Q16 | BR34: =EOMONTH(BS34,0) -> 42704 | BS34: =EOMONTH(BS33,1) -> 42704 | BT34: 4.31 | BU34: 4.06 | BV34: 4.19 | EA34: 4Q18 | EE34: 56.7 | EF34: 29 | EG34: 47.5 | EN34: =EF34/EF33-1 -> -0.023569024 | EO34: =EG34/EG33-1 -> -0.068627451 | FI34: =$EA34 -> 4Q18 | FL34: 30.5 | FN34: =YEAR(FP34) -> 2009 | FO34: =WEEKNUM(FP34) -> 27 | FP34: 39994 | FQ34: 1.125 | FR34: =FQ34*8 -> 9 | FS34: =YEAR(FU34) -> 2009 | FT34: =WEEKNUM(FU34) -> 27 | FU34: 39994 | FV34: 1.16 | FW34: =FV34*8 -> 9.28 | FX34: =YEAR(FZ34) -> 2010 | FY34: =WEEKNUM(FZ34) -> 41 | FZ34: 40457 | GA34: 3.98 | GB34: =GA34*4 -> 15.92 | GC34: =YEAR(GE34) -> 2010 | GD34: =WEEKNUM(GE34) -> 49 | GE34: 40512 | GF34: 2.59 | GG34: =GF34*4 -> 10.36 | GH34: =YEAR(GJ34) -> 2013 | GI34: =WEEKNUM(GJ34) -> 2 | GJ34: 41283 | GK34: 2.296 | GL34: =GK34*2 -> 4.592 | GM34: =YEAR(GO34) -> 2013 | GN34: =WEEKNUM(GO34) -> 9 | GO34: 41330 | GP34: 2.16 | GQ34: =GP34*2 -> 4.32
C35: {=_xlfn.IFS(MONTH(D35)<4,1,MONTH(D35)<7,2,MONTH(D35)<10,3,MONTH(D35)>9,4)&"Q"&RIGHT(YEAR(D35),2)} -> 1Q16 | D35: =EOMONTH(E35,0) -> 42460 | E35: =+I35 -> 42433 | F35: =+L35/8 -> 0.588375 | G35: =+M35/8 -> 0.4032 | I35: 42433 | J35: 4.9 | K35: 4.6 | L35: 4.707 | M35: 3.2256 | Q35: =L35/M35-1 -> 0.45926339 | AH35: =WORKDAY(AH34,6) -> 42478 | AI35: =IFERROR(VLOOKUP(AH35,$I:$L,4,FALSE),VLOOKUP(AH35,$I:$L,4,TRUE)) -> 4.686 | AJ35: =AI35/AI34-1 -> -0.00042662116 | AK35: =AI35/AI33-1 -> -0.0010658708 | AQ35: {=_xlfn.IFS(MONTH(AR35)<4,1,MONTH(AR35)<7,2,MONTH(AR35)<10,3,MONTH(AR35)>9,4)&"Q"&RIGHT(YEAR(AR35),2)} -> 1Q19 | AR35: =EOMONTH(AS35,0) -> 43555 | AS35: 43535 | AU35: {=INDEX($CE$29:$CE$1449,MATCH($AR35,$CA$29:$CA$1449,0),)} -> 167.67 | AW35: {=INDEX($CF$29:$CF$1449,MATCH($AR35,$CA$29:$CA$1449,0),)} -> 340 | BQ35: {=_xlfn.IFS(MONTH(BR35)<4,1,MONTH(BR35)<7,2,MONTH(BR35)<10,3,MONTH(BR35)>9,4)&"Q"&RIGHT(YEAR(BR35),2)} -> 4Q16 | BR35: =EOMONTH(BS35,0) -> 42735 | BS35: =EOMONTH(BS34,1) -> 42735 | BT35: 4.31 | BU35: 4.06 | BV35: 4.19 | EA35: 1Q19 | EE35: 50 | EF35: 25.5 | EG35: 37.6 | EM35: =EE35/EE34-1 -> -0.11816578 | EN35: =EF35/EF34-1 -> -0.12068966 | EO35: =EG35/EG34-1 -> -0.20842105 | FI35: =$EA35 -> 1Q19 | FL35: 25.6 | FN35: =YEAR(FP35) -> 2009 | FO35: =WEEKNUM(FP35) -> 31 | FP35: 40025 | FQ35: 1.1717391 | FR35: =FQ35*8 -> 9.373913 | FS35: =YEAR(FU35) -> 2009 | FT35: =WEEKNUM(FU35) -> 31 | FU35: 40025 | FV35: 1.19 | FW35: =FV35*8 -> 9.52 | FX35: =YEAR(FZ35) -> 2010 | FY35: =WEEKNUM(FZ35) -> 41 | FZ35: 40458 | GA35: 3.93 | GB35: =GA35*4 -> 15.72 | GC35: =YEAR(GE35) -> 2010 | GD35: =WEEKNUM(GE35) -> 50 | GE35: 40522 | GF35: 2.34 | GG35: =GF35*4 -> 9.36 | GH35: =YEAR(GJ35) -> 2013 | GI35: =WEEKNUM(GJ35) -> 2 | GJ35: 41284 | GK35: 2.293 | GL35: =GK35*2 -> 4.586 | GM35: =YEAR(GO35) -> 2013 | GN35: =WEEKNUM(GO35) -> 11 | GO35: 41348 | GP35: 2.56 | GQ35: =GP35*2 -> 5.12
C36: {=_xlfn.IFS(MONTH(D36)<4,1,MONTH(D36)<7,2,MONTH(D36)<10,3,MONTH(D36)>9,4)&"Q"&RIGHT(YEAR(D36),2)} -> 1Q16 | D36: =EOMONTH(E36,0) -> 42460 | E36: =+I36 -> 42436 | F36: =+L36/8 -> 0.588375 | G36: =+M36/8 -> 0.4032 | I36: 42436 | J36: 4.9 | K36: 4.6 | L36: 4.707 | M36: 3.2256 | Q36: =L36/M36-1 -> 0.45926339 | AH36: =WORKDAY(AH35,6) -> 42486 | AI36: =IFERROR(VLOOKUP(AH36,$I:$L,4,FALSE),VLOOKUP(AH36,$I:$L,4,TRUE)) -> 4.676 | AJ36: =AI36/AI35-1 -> -0.0021340162 | AK36: =AI36/AI34-1 -> -0.002559727 | AQ36: {=_xlfn.IFS(MONTH(AR36)<4,1,MONTH(AR36)<7,2,MONTH(AR36)<10,3,MONTH(AR36)>9,4)&"Q"&RIGHT(YEAR(AR36),2)} -> 1Q19 | AR36: =EOMONTH(AS36,0) -> 43555 | AS36: 43542 | AU36: {=INDEX($CE$29:$CE$1449,MATCH($AR36,$CA$29:$CA$1449,0),)} -> 167.67 | AW36: {=INDEX($CF$29:$CF$1449,MATCH($AR36,$CA$29:$CA$1449,0),)} -> 340 | BQ36: {=_xlfn.IFS(MONTH(BR36)<4,1,MONTH(BR36)<7,2,MONTH(BR36)<10,3,MONTH(BR36)>9,4)&"Q"&RIGHT(YEAR(BR36),2)} -> 1Q17 | BR36: =EOMONTH(BS36,0) -> 42766 | BS36: =EOMONTH(BS35,1) -> 42766 | BT36: 5.94 | BU36: 5.44 | BV36: 5.69 | EA36: 2Q19 | EE36: 42.9 | EF36: 22 | EG36: 29.5 | EM36: =EE36/EE35-1 -> -0.142 | EN36: =EF36/EF35-1 -> -0.1372549 | EO36: =EG36/EG35-1 -> -0.21542553 | FI36: =$EA36 -> 2Q19 | FL36: 20.6 | FN36: =YEAR(FP36) -> 2009 | FO36: =WEEKNUM(FP36) -> 36 | FP36: 40056 | FQ36: 1.47 | FR36: =FQ36*8 -> 11.76 | FS36: =YEAR(FU36) -> 2009 | FT36: =WEEKNUM(FU36) -> 36 | FU36: 40056 | FV36: 1.375 | FW36: =FV36*8 -> 11 | FX36: =YEAR(FZ36) -> 2010 | FY36: =WEEKNUM(FZ36) -> 41 | FZ36: 40459 | GA36: 3.89 | GB36: =GA36*4 -> 15.56 | GC36: =YEAR(GE36) -> 2010 | GD36: =WEEKNUM(GE36) -> 52 | GE36: 40533 | GF36: 2.09 | GG36: =GF36*4 -> 8.36 | GH36: =YEAR(GJ36) -> 2013 | GI36: =WEEKNUM(GJ36) -> 2 | GJ36: 41285 | GK36: 2.296 | GL36: =GK36*2 -> 4.592 | GM36: =YEAR(GO36) -> 2013 | GN36: =WEEKNUM(GO36) -> 13 | GO36: 41362 | GP36: 2.63 | GQ36: =GP36*2 -> 5.26
C37: {=_xlfn.IFS(MONTH(D37)<4,1,MONTH(D37)<7,2,MONTH(D37)<10,3,MONTH(D37)>9,4)&"Q"&RIGHT(YEAR(D37),2)} -> 1Q16 | D37: =EOMONTH(E37,0) -> 42460 | E37: =+I37 -> 42437 | F37: =+L37/8 -> 0.588375 | G37: =+M37/8 -> 0.4032 | I37: 42437 | J37: 4.9 | K37: 4.6 | L37: 4.707 | M37: 3.2256 | Q37: =L37/M37-1 -> 0.45926339 | AH37: =WORKDAY(AH36,6) -> 42494 | AI37: =IFERROR(VLOOKUP(AH37,$I:$L,4,FALSE),VLOOKUP(AH37,$I:$L,4,TRUE)) -> 4.67 | AJ37: =AI37/AI36-1 -> -0.001283148 | AK37: =AI37/AI35-1 -> -0.0034144259 | AQ37: {=_xlfn.IFS(MONTH(AR37)<4,1,MONTH(AR37)<7,2,MONTH(AR37)<10,3,MONTH(AR37)>9,4)&"Q"&RIGHT(YEAR(AR37),2)} -> 1Q19 | AR37: =EOMONTH(AS37,0) -> 43555 | AS37: 43549 | AU37: {=INDEX($CE$29:$CE$1449,MATCH($AR37,$CA$29:$CA$1449,0),)} -> 167.67 | AW37: {=INDEX($CF$29:$CF$1449,MATCH($AR37,$CA$29:$CA$1449,0),)} -> 340 | BQ37: {=_xlfn.IFS(MONTH(BR37)<4,1,MONTH(BR37)<7,2,MONTH(BR37)<10,3,MONTH(BR37)>9,4)&"Q"&RIGHT(YEAR(BR37),2)} -> 1Q17 | BR37: =EOMONTH(BS37,0) -> 42794 | BS37: =EOMONTH(BS36,1) -> 42794 | BT37: 6.06 | BU37: 5.56 | BV37: 5.81 | EA37: 3Q19 | EE37: 36.1 | EF37: 18.4 | EG37: 23.5 | EM37: =EE37/EE36-1 -> -0.15850816 | EN37: =EF37/EF36-1 -> -0.16363636 | EO37: =EG37/EG36-1 -> -0.20338983 | FI37: =$EA37 -> 3Q19 | FL37: 17.9 | FN37: =YEAR(FP37) -> 2009 | FO37: =WEEKNUM(FP37) -> 40 | FP37: 40086 | FQ37: 1.7936364 | FR37: =FQ37*8 -> 14.349091 | FS37: =YEAR(FU37) -> 2009 | FT37: =WEEKNUM(FU37) -> 40 | FU37: 40086 | FV37: 1.595 | FW37: =FV37*8 -> 12.76 | FX37: =YEAR(FZ37) -> 2010 | FY37: =WEEKNUM(FZ37) -> 42 | FZ37: 40462 | GA37: 3.88 | GB37: =GA37*4 -> 15.52 | GC37: =YEAR(GE37) -> 2011 | GD37: =WEEKNUM(GE37) -> 3 | GE37: 40553 | GF37: 1.97 | GG37: =GF37*4 -> 7.88 | GH37: =YEAR(GJ37) -> 2013 | GI37: =WEEKNUM(GJ37) -> 3 | GJ37: 41288 | GK37: 2.299 | GL37: =GK37*2 -> 4.598 | GM37: =YEAR(GO37) -> 2013 | GN37: =WEEKNUM(GO37) -> 15 | GO37: 41376 | GP37: 2.88 | GQ37: =GP37*2 -> 5.76
C38: {=_xlfn.IFS(MONTH(D38)<4,1,MONTH(D38)<7,2,MONTH(D38)<10,3,MONTH(D38)>9,4)&"Q"&RIGHT(YEAR(D38),2)} -> 1Q16 | D38: =EOMONTH(E38,0) -> 42460 | E38: =+I38 -> 42438 | F38: =+L38/8 -> 0.588 | G38: =+M38/8 -> 0.4032 | I38: 42438 | J38: 4.9 | K38: 4.6 | L38: 4.704 | M38: 3.2256 | Q38: =L38/M38-1 -> 0.45833333 | AH38: =WORKDAY(AH37,6) -> 42502 | AI38: =IFERROR(VLOOKUP(AH38,$I:$L,4,FALSE),VLOOKUP(AH38,$I:$L,4,TRUE)) -> 4.255 | AJ38: =AI38/AI37-1 -> -0.088865096 | AK38: =AI38/AI36-1 -> -0.090034217 | AQ38: {=_xlfn.IFS(MONTH(AR38)<4,1,MONTH(AR38)<7,2,MONTH(AR38)<10,3,MONTH(AR38)>9,4)&"Q"&RIGHT(YEAR(AR38),2)} -> 2Q19 | AR38: =EOMONTH(AS38,0) -> 43585 | AS38: 43556 | AU38: {=INDEX($CE$29:$CE$1449,MATCH($AR38,$CA$29:$CA$1449,0),)} -> 152.58 | AW38: {=INDEX($CF$29:$CF$1449,MATCH($AR38,$CA$29:$CA$1449,0),)} -> 320 | BQ38: {=_xlfn.IFS(MONTH(BR38)<4,1,MONTH(BR38)<7,2,MONTH(BR38)<10,3,MONTH(BR38)>9,4)&"Q"&RIGHT(YEAR(BR38),2)} -> 1Q17 | BR38: =EOMONTH(BS38,0) -> 42825 | BS38: =EOMONTH(BS37,1) -> 42825 | BT38: 6.06 | BU38: 5.56 | BV38: 5.81 | EA38: 4Q19 | EE38: 32.8 | EG38: 22.4 | EH38: 44.5 | EM38: =EE38/EE37-1 -> -0.091412742 | EO38: =EG38/EG37-1 -> -0.046808511 | FI38: =$EA38 -> 4Q19 | FL38: 17 | FN38: =YEAR(FP38) -> 2009 | FO38: =WEEKNUM(FP38) -> 44 | FP38: 40117 | FQ38: 2.4481818 | FR38: =FQ38*8 -> 19.585455 | FS38: =YEAR(FU38) -> 2009 | FT38: =WEEKNUM(FU38) -> 44 | FU38: 40117 | FV38: 1.92 | FW38: =FV38*8 -> 15.36 | FX38: =YEAR(FZ38) -> 2010 | FY38: =WEEKNUM(FZ38) -> 42 | FZ38: 40463 | GA38: 3.87 | GB38: =GA38*4 -> 15.48 | GC38: =YEAR(GE38) -> 2011 | GD38: =WEEKNUM(GE38) -> 5 | GE38: 40567 | GF38: 1.84 | GG38: =GF38*4 -> 7.36 | GH38: =YEAR(GJ38) -> 2013 | GI38: =WEEKNUM(GJ38) -> 3 | GJ38: 41289 | GK38: 2.337 | GL38: =GK38*2 -> 4.674 | GM38: =YEAR(GO38) -> 2013 | GN38: =WEEKNUM(GO38) -> 18 | GO38: 41394 | GP38: 3 | GQ38: =GP38*2 -> 6
C39: {=_xlfn.IFS(MONTH(D39)<4,1,MONTH(D39)<7,2,MONTH(D39)<10,3,MONTH(D39)>9,4)&"Q"&RIGHT(YEAR(D39),2)} -> 1Q16 | D39: =EOMONTH(E39,0) -> 42460 | E39: =+I39 -> 42439 | F39: =+L39/8 -> 0.588 | G39: =+M39/8 -> 0.4032 | I39: 42439 | J39: 4.9 | K39: 4.6 | L39: 4.704 | M39: 3.2256 | Q39: =L39/M39-1 -> 0.45833333 | AH39: =WORKDAY(AH38,6) -> 42510 | AI39: =IFERROR(VLOOKUP(AH39,$I:$L,4,FALSE),VLOOKUP(AH39,$I:$L,4,TRUE)) -> 3.936 | AJ39: =AI39/AI38-1 -> -0.074970623 | AK39: =AI39/AI37-1 -> -0.15717345 | AQ39: {=_xlfn.IFS(MONTH(AR39)<4,1,MONTH(AR39)<7,2,MONTH(AR39)<10,3,MONTH(AR39)>9,4)&"Q"&RIGHT(YEAR(AR39),2)} -> 2Q19 | AR39: =EOMONTH(AS39,0) -> 43585 | AS39: 43563 | AU39: {=INDEX($CE$29:$CE$1449,MATCH($AR39,$CA$29:$CA$1449,0),)} -> 152.58 | AW39: {=INDEX($CF$29:$CF$1449,MATCH($AR39,$CA$29:$CA$1449,0),)} -> 320 | BQ39: {=_xlfn.IFS(MONTH(BR39)<4,1,MONTH(BR39)<7,2,MONTH(BR39)<10,3,MONTH(BR39)>9,4)&"Q"&RIGHT(YEAR(BR39),2)} -> 2Q17 | BR39: =EOMONTH(BS39,0) -> 42855 | BS39: =EOMONTH(BS38,1) -> 42855 | BT39: 6.56 | BU39: 6.44 | BV39: 6.5 | EA39: 1Q20 | EE39: 31.6 | EG39: 22.4 | EH39: 44 | EM39: =EE39/EE38-1 -> -0.036585366 | EO39: =EG39/EG38-1 -> 0 | EP39: =EH39/EH38-1 -> -0.011235955 | FI39: =$EA39 -> 1Q20 | FL39: 16.6 | FN39: =YEAR(FP39) -> 2009 | FO39: =WEEKNUM(FP39) -> 49 | FP39: 40147 | FQ39: 2.6319048 | FR39: =FQ39*8 -> 21.055238 | FS39: =YEAR(FU39) -> 2009 | FT39: =WEEKNUM(FU39) -> 49 | FU39: 40147 | FV39: 2.38 | FW39: =FV39*8 -> 19.04 | FX39: =YEAR(FZ39) -> 2010 | FY39: =WEEKNUM(FZ39) -> 42 | FZ39: 40464 | GA39: 3.87 | GB39: =GA39*4 -> 15.48 | GC39: =YEAR(GE39) -> 2011 | GD39: =WEEKNUM(GE39) -> 8 | GE39: 40589 | GF39: 1.84 | GG39: =GF39*4 -> 7.36 | GH39: =YEAR(GJ39) -> 2013 | GI39: =WEEKNUM(GJ39) -> 3 | GJ39: 41290 | GK39: 2.317 | GL39: =GK39*2 -> 4.634 | GM39: =YEAR(GO39) -> 2013 | GN39: =WEEKNUM(GO39) -> 20 | GO39: 41409 | GP39: 3.06 | GQ39: =GP39*2 -> 6.12
C40: {=_xlfn.IFS(MONTH(D40)<4,1,MONTH(D40)<7,2,MONTH(D40)<10,3,MONTH(D40)>9,4)&"Q"&RIGHT(YEAR(D40),2)} -> 1Q16 | D40: =EOMONTH(E40,0) -> 42460 | E40: =+I40 -> 42440 | F40: =+L40/8 -> 0.588 | G40: =+M40/8 -> 0.4032 | I40: 42440 | J40: 4.9 | K40: 4.6 | L40: 4.704 | M40: 3.2256 | Q40: =L40/M40-1 -> 0.45833333 | AH40: =WORKDAY(AH39,6) -> 42520 | AI40: =IFERROR(VLOOKUP(AH40,$I:$L,4,FALSE),VLOOKUP(AH40,$I:$L,4,TRUE)) -> 3.755 | AJ40: =AI40/AI39-1 -> -0.045985772 | AK40: =AI40/AI38-1 -> -0.11750881 | AQ40: {=_xlfn.IFS(MONTH(AR40)<4,1,MONTH(AR40)<7,2,MONTH(AR40)<10,3,MONTH(AR40)>9,4)&"Q"&RIGHT(YEAR(AR40),2)} -> 2Q19 | AR40: =EOMONTH(AS40,0) -> 43585 | AS40: 43570 | AU40: {=INDEX($CE$29:$CE$1449,MATCH($AR40,$CA$29:$CA$1449,0),)} -> 152.58 | AW40: {=INDEX($CF$29:$CF$1449,MATCH($AR40,$CA$29:$CA$1449,0),)} -> 320 | BQ40: {=_xlfn.IFS(MONTH(BR40)<4,1,MONTH(BR40)<7,2,MONTH(BR40)<10,3,MONTH(BR40)>9,4)&"Q"&RIGHT(YEAR(BR40),2)} -> 2Q17 | BR40: =EOMONTH(BS40,0) -> 42886 | BS40: =EOMONTH(BS39,1) -> 42886 | BT40: 6.56 | BU40: 6.44 | BV40: 6.5 | EA40: 2Q20 | EE40: 32.3 | EG40: 23 | EH40: 44.5 | EM40: =EE40/EE39-1 -> 0.022151899 | EO40: =EG40/EG39-1 -> 0.026785714 | EP40: =EH40/EH39-1 -> 0.011363636 | FI40: =$EA40 -> 2Q20 | FL40: 17.1 | FN40: =YEAR(FP40) -> 2009 | FO40: =WEEKNUM(FP40) -> 53 | FP40: 40178 | FQ40: 2.4308696 | FR40: =FQ40*8 -> 19.446957 | FS40: =YEAR(FU40) -> 2009 | FT40: =WEEKNUM(FU40) -> 53 | FU40: 40178 | FV40: 2.38 | FW40: =FV40*8 -> 19.04 | FX40: =YEAR(FZ40) -> 2010 | FY40: =WEEKNUM(FZ40) -> 42 | FZ40: 40465 | GA40: 3.87 | GB40: =GA40*4 -> 15.48 | GC40: =YEAR(GE40) -> 2011 | GD40: =WEEKNUM(GE40) -> 9 | GE40: 40597 | GF40: 1.84 | GG40: =GF40*4 -> 7.36 | GH40: =YEAR(GJ40) -> 2013 | GI40: =WEEKNUM(GJ40) -> 3 | GJ40: 41291 | GK40: 2.317 | GL40: =GK40*2 -> 4.634 | GM40: =YEAR(GO40) -> 2013 | GN40: =WEEKNUM(GO40) -> 22 | GO40: 41425 | GP40: 3.06 | GQ40: =GP40*2 -> 6.12
C41: {=_xlfn.IFS(MONTH(D41)<4,1,MONTH(D41)<7,2,MONTH(D41)<10,3,MONTH(D41)>9,4)&"Q"&RIGHT(YEAR(D41),2)} -> 1Q16 | D41: =EOMONTH(E41,0) -> 42460 | E41: =+I41 -> 42443 | F41: =+L41/8 -> 0.588 | G41: =+M41/8 -> 0.4032 | I41: 42443 | J41: 4.9 | K41: 4.6 | L41: 4.704 | M41: 3.2256 | Q41: =L41/M41-1 -> 0.45833333 | AH41: =WORKDAY(AH40,6) -> 42528 | AI41: =IFERROR(VLOOKUP(AH41,$I:$L,4,FALSE),VLOOKUP(AH41,$I:$L,4,TRUE)) -> 3.705 | AJ41: =AI41/AI40-1 -> -0.013315579 | AK41: =AI41/AI39-1 -> -0.058689024 | AQ41: {=_xlfn.IFS(MONTH(AR41)<4,1,MONTH(AR41)<7,2,MONTH(AR41)<10,3,MONTH(AR41)>9,4)&"Q"&RIGHT(YEAR(AR41),2)} -> 2Q19 | AR41: =EOMONTH(AS41,0) -> 43585 | AS41: 43577 | AU41: {=INDEX($CE$29:$CE$1449,MATCH($AR41,$CA$29:$CA$1449,0),)} -> 152.58 | AW41: {=INDEX($CF$29:$CF$1449,MATCH($AR41,$CA$29:$CA$1449,0),)} -> 320 | BQ41: {=_xlfn.IFS(MONTH(BR41)<4,1,MONTH(BR41)<7,2,MONTH(BR41)<10,3,MONTH(BR41)>9,4)&"Q"&RIGHT(YEAR(BR41),2)} -> 2Q17 | BR41: =EOMONTH(BS41,0) -> 42916 | BS41: =EOMONTH(BS40,1) -> 42916 | BT41: 6.56 | BU41: 6.44 | BV41: 6.5 | EA41: 3Q20 | EE41: 29.5 | EG41: 22 | EH41: 40.8 | EM41: =EE41/EE40-1 -> -0.086687307 | EO41: =EG41/EG40-1 -> -0.043478261 | EP41: =EH41/EH40-1 -> -0.083146067 | FI41: =$EA41 -> 3Q20 | FL41: 16.4 | FN41: =YEAR(FP41) -> 2010 | FO41: =WEEKNUM(FP41) -> 6 | FP41: 40209 | FQ41: 2.429 | FR41: =FQ41*8 -> 19.432 | FS41: =YEAR(FU41) -> 2010 | FT41: =WEEKNUM(FU41) -> 6 | FU41: 40209 | FV41: 2.38 | FW41: =FV41*8 -> 19.04 | FX41: =YEAR(FZ41) -> 2010 | FY41: =WEEKNUM(FZ41) -> 42 | FZ41: 40466 | GA41: 3.87 | GB41: =GA41*4 -> 15.48 | GC41: =YEAR(GE41) -> 2011 | GD41: =WEEKNUM(GE41) -> 11 | GE41: 40613 | GF41: 1.84 | GG41: =GF41*4 -> 7.36 | GH41: =YEAR(GJ41) -> 2013 | GI41: =WEEKNUM(GJ41) -> 3 | GJ41: 41292 | GK41: 2.317 | GL41: =GK41*2 -> 4.634 | GM41: =YEAR(GO41) -> 2013 | GN41: =WEEKNUM(GO41) -> 24 | GO41: 41439 | GP41: 3.09 | GQ41: =GP41*2 -> 6.18
C42: {=_xlfn.IFS(MONTH(D42)<4,1,MONTH(D42)<7,2,MONTH(D42)<10,3,MONTH(D42)>9,4)&"Q"&RIGHT(YEAR(D42),2)} -> 1Q16 | D42: =EOMONTH(E42,0) -> 42460 | E42: =+I42 -> 42444 | F42: =+L42/8 -> 0.586875 | G42: =+M42/8 -> 0.4032 | I42: 42444 | J42: 4.9 | K42: 4.6 | L42: 4.695 | M42: 3.2256 | Q42: =L42/M42-1 -> 0.45554315 | AH42: =WORKDAY(AH41,6) -> 42536 | AI42: =IFERROR(VLOOKUP(AH42,$I:$L,4,FALSE),VLOOKUP(AH42,$I:$L,4,TRUE)) -> 3.641 | AJ42: =AI42/AI41-1 -> -0.017273954 | AK42: =AI42/AI40-1 -> -0.030359521 | AQ42: {=_xlfn.IFS(MONTH(AR42)<4,1,MONTH(AR42)<7,2,MONTH(AR42)<10,3,MONTH(AR42)>9,4)&"Q"&RIGHT(YEAR(AR42),2)} -> 2Q19 | AR42: =EOMONTH(AS42,0) -> 43585 | AS42: 43584 | AU42: {=INDEX($CE$29:$CE$1449,MATCH($AR42,$CA$29:$CA$1449,0),)} -> 152.58 | AW42: {=INDEX($CF$29:$CF$1449,MATCH($AR42,$CA$29:$CA$1449,0),)} -> 320 | BQ42: {=_xlfn.IFS(MONTH(BR42)<4,1,MONTH(BR42)<7,2,MONTH(BR42)<10,3,MONTH(BR42)>9,4)&"Q"&RIGHT(YEAR(BR42),2)} -> 3Q17 | BR42: =EOMONTH(BS42,0) -> 42947 | BS42: =EOMONTH(BS41,1) -> 42947 | BT42: 6.94 | BU42: 6.74 | BV42: 6.81 | EA42: 4Q20 | EE42: 27.6 | EG42: 21.9 | EH42: 39 | EM42: =EE42/EE41-1 -> -0.06440678 | EO42: =EG42/EG41-1 -> -0.0045454545 | EP42: =EH42/EH41-1 -> -0.044117647 | FI42: =$EA42 -> 4Q20 | FL42: 16.4 | FN42: =YEAR(FP42) -> 2010 | FO42: =WEEKNUM(FP42) -> 10 | FP42: 40237 | FQ42: 2.3346667 | FR42: =FQ42*8 -> 18.677333 | FS42: =YEAR(FU42) -> 2010 | FT42: =WEEKNUM(FU42) -> 10 | FU42: 40237 | FV42: 2.31 | FW42: =FV42*8 -> 18.48 | FX42: =YEAR(FZ42) -> 2010 | FY42: =WEEKNUM(FZ42) -> 43 | FZ42: 40469 | GA42: 3.86 | GB42: =GA42*4 -> 15.44 | GC42: =YEAR(GE42) -> 2011 | GD42: =WEEKNUM(GE42) -> 13 | GE42: 40624 | GF42: 1.91 | GG42: =GF42*4 -> 7.64 | GH42: =YEAR(GJ42) -> 2013 | GI42: =WEEKNUM(GJ42) -> 4 | GJ42: 41295 | GK42: 2.323 | GL42: =GK42*2 -> 4.646 | GM42: =YEAR(GO42) -> 2013 | GN42: =WEEKNUM(GO42) -> 26 | GO42: 41451 | GP42: 3.09 | GQ42: =GP42*2 -> 6.18
C43: {=_xlfn.IFS(MONTH(D43)<4,1,MONTH(D43)<7,2,MONTH(D43)<10,3,MONTH(D43)>9,4)&"Q"&RIGHT(YEAR(D43),2)} -> 1Q16 | D43: =EOMONTH(E43,0) -> 42460 | E43: =+I43 -> 42445 | F43: =+L43/8 -> 0.586875 | G43: =+M43/8 -> 0.4032 | I43: 42445 | J43: 4.9 | K43: 4.6 | L43: 4.695 | M43: 3.2256 | Q43: =L43/M43-1 -> 0.45554315 | AH43: =WORKDAY(AH42,6) -> 42544 | AI43: =IFERROR(VLOOKUP(AH43,$I:$L,4,FALSE),VLOOKUP(AH43,$I:$L,4,TRUE)) -> 3.627 | AJ43: =AI43/AI42-1 -> -0.0038450975 | AK43: =AI43/AI41-1 -> -0.021052632 | AQ43: {=_xlfn.IFS(MONTH(AR43)<4,1,MONTH(AR43)<7,2,MONTH(AR43)<10,3,MONTH(AR43)>9,4)&"Q"&RIGHT(YEAR(AR43),2)} -> 2Q19 | AR43: =EOMONTH(AS43,0) -> 43616 | AS43: 43591 | AU43: {=INDEX($CE$29:$CE$1449,MATCH($AR43,$CA$29:$CA$1449,0),)} -> 137.32 | AW43: {=INDEX($CF$29:$CF$1449,MATCH($AR43,$CA$29:$CA$1449,0),)} -> 280 | BQ43: {=_xlfn.IFS(MONTH(BR43)<4,1,MONTH(BR43)<7,2,MONTH(BR43)<10,3,MONTH(BR43)>9,4)&"Q"&RIGHT(YEAR(BR43),2)} -> 3Q17 | BR43: =EOMONTH(BS43,0) -> 42978 | BS43: =EOMONTH(BS42,1) -> 42978 | BT43: 6.94 | BU43: 6.74 | BV43: 6.81 | EA43: 1Q21 | EC43: 28.8 | EE43: 28 | EG43: 21.2 | EH43: 39 | EM43: =EE43/EE42-1 -> 0.014492754 | EO43: =EG43/EG42-1 -> -0.03196347 | EP43: =EH43/EH42-1 -> 0 | FI43: =$EA43 -> 1Q21 | FL43: 16.4 | FN43: =YEAR(FP43) -> 2010 | FO43: =WEEKNUM(FP43) -> 14 | FP43: 40268 | FQ43: 2.7126087 | FR43: =FQ43*8 -> 21.70087 | FS43: =YEAR(FU43) -> 2010 | FT43: =WEEKNUM(FU43) -> 14 | FU43: 40268 | FV43: 2.31 | FW43: =FV43*8 -> 18.48 | FX43: =YEAR(FZ43) -> 2010 | FY43: =WEEKNUM(FZ43) -> 43 | FZ43: 40470 | GA43: 3.83 | GB43: =GA43*4 -> 15.32 | GC43: =YEAR(GE43) -> 2011 | GD43: =WEEKNUM(GE43) -> 16 | GE43: 40644 | GF43: 2.03 | GG43: =GF43*4 -> 8.12 | GH43: =YEAR(GJ43) -> 2013 | GI43: =WEEKNUM(GJ43) -> 4 | GJ43: 41296 | GK43: 2.323 | GL43: =GK43*2 -> 4.646 | GM43: =YEAR(GO43) -> 2013 | GN43: =WEEKNUM(GO43) -> 29 | GO43: 41473 | GP43: 3.16 | GQ43: =GP43*2 -> 6.32
C44: {=_xlfn.IFS(MONTH(D44)<4,1,MONTH(D44)<7,2,MONTH(D44)<10,3,MONTH(D44)>9,4)&"Q"&RIGHT(YEAR(D44),2)} -> 1Q16 | D44: =EOMONTH(E44,0) -> 42460 | E44: =+I44 -> 42446 | F44: =+L44/8 -> 0.586875 | G44: =+M44/8 -> 0.4032 | I44: 42446 | J44: 4.92 | K44: 4.6 | L44: 4.695 | M44: 3.2256 | Q44: =L44/M44-1 -> 0.45554315 | AH44: =WORKDAY(AH43,6) -> 42552 | AI44: =IFERROR(VLOOKUP(AH44,$I:$L,4,FALSE),VLOOKUP(AH44,$I:$L,4,TRUE)) -> 3.633 | AJ44: =AI44/AI43-1 -> 0.0016542597 | AK44: =AI44/AI42-1 -> -0.0021971986 | AQ44: {=_xlfn.IFS(MONTH(AR44)<4,1,MONTH(AR44)<7,2,MONTH(AR44)<10,3,MONTH(AR44)>9,4)&"Q"&RIGHT(YEAR(AR44),2)} -> 2Q19 | AR44: =EOMONTH(AS44,0) -> 43616 | AS44: 43598 | AU44: {=INDEX($CE$29:$CE$1449,MATCH($AR44,$CA$29:$CA$1449,0),)} -> 137.32 | AW44: {=INDEX($CF$29:$CF$1449,MATCH($AR44,$CA$29:$CA$1449,0),)} -> 280 | BQ44: {=_xlfn.IFS(MONTH(BR44)<4,1,MONTH(BR44)<7,2,MONTH(BR44)<10,3,MONTH(BR44)>9,4)&"Q"&RIGHT(YEAR(BR44),2)} -> 3Q17 | BR44: =EOMONTH(BS44,0) -> 43008 | BS44: =EOMONTH(BS43,1) -> 43008 | BT44: 6.94 | BU44: 6.74 | BV44: 6.81 | EA44: 2Q21 | EC44: 30.7 | EE44: 30.2 | EF44: 18.1 | EG44: 23.8 | EH44: 43.8 | EK44: =EC44/EC43-1 -> 0.065972222 | EM44: =EE44/EE43-1 -> 0.078571429 | EO44: =EG44/EG43-1 -> 0.12264151 | EP44: =EH44/EH43-1 -> 0.12307692 | FI44: =$EA44 -> 2Q21 | FL44: 17.9 | FN44: =YEAR(FP44) -> 2010 | FO44: =WEEKNUM(FP44) -> 18 | FP44: 40298 | FQ44: 2.8642857 | FR44: =FQ44*8 -> 22.914286 | FS44: =YEAR(FU44) -> 2010 | FT44: =WEEKNUM(FU44) -> 18 | FU44: 40298 | FV44: 2.47 | FW44: =FV44*8 -> 19.76 | FX44: =YEAR(FZ44) -> 2010 | FY44: =WEEKNUM(FZ44) -> 43 | FZ44: 40471 | GA44: 3.83 | GB44: =GA44*4 -> 15.32 | GC44: =YEAR(GE44) -> 2011 | GD44: =WEEKNUM(GE44) -> 18 | GE44: 40659 | GF44: 2.06 | GG44: =GF44*4 -> 8.24 | GH44: =YEAR(GJ44) -> 2013 | GI44: =WEEKNUM(GJ44) -> 4 | GJ44: 41297 | GK44: 2.302 | GL44: =GK44*2 -> 4.604 | GM44: =YEAR(GO44) -> 2013 | GN44: =WEEKNUM(GO44) -> 31 | GO44: 41486 | GP44: 3.16 | GQ44: =GP44*2 -> 6.32
C45: {=_xlfn.IFS(MONTH(D45)<4,1,MONTH(D45)<7,2,MONTH(D45)<10,3,MONTH(D45)>9,4)&"Q"&RIGHT(YEAR(D45),2)} -> 1Q16 | D45: =EOMONTH(E45,0) -> 42460 | E45: =+I45 -> 42447 | F45: =+L45/8 -> 0.586875 | G45: =+M45/8 -> 0.4032 | I45: 42447 | J45: 4.93 | K45: 4.6 | L45: 4.695 | M45: 3.2256 | Q45: =L45/M45-1 -> 0.45554315 | AH45: =WORKDAY(AH44,6) -> 42562 | AI45: =IFERROR(VLOOKUP(AH45,$I:$L,4,FALSE),VLOOKUP(AH45,$I:$L,4,TRUE)) -> 3.633 | AJ45: =AI45/AI44-1 -> 0 | AK45: =AI45/AI43-1 -> 0.0016542597 | AQ45: {=_xlfn.IFS(MONTH(AR45)<4,1,MONTH(AR45)<7,2,MONTH(AR45)<10,3,MONTH(AR45)>9,4)&"Q"&RIGHT(YEAR(AR45),2)} -> 2Q19 | AR45: =EOMONTH(AS45,0) -> 43616 | AS45: 43605 | AU45: {=INDEX($CE$29:$CE$1449,MATCH($AR45,$CA$29:$CA$1449,0),)} -> 137.32 | AW45: {=INDEX($CF$29:$CF$1449,MATCH($AR45,$CA$29:$CA$1449,0),)} -> 280 | BQ45: {=_xlfn.IFS(MONTH(BR45)<4,1,MONTH(BR45)<7,2,MONTH(BR45)<10,3,MONTH(BR45)>9,4)&"Q"&RIGHT(YEAR(BR45),2)} -> 4Q17 | BR45: =EOMONTH(BS45,0) -> 43039 | BS45: =EOMONTH(BS44,1) -> 43039 | BT45: 7.69 | BU45: 7.06 | BV45: 7.31 | EA45: 3Q21 | EC45: 32.4 | EE45: 31.8 | EF45: 18.9 | EG45: 25.6 | EH45: 46 | EK45: =EC45/EC44-1 -> 0.055374593 | EM45: =EE45/EE44-1 -> 0.052980132 | EN45: =EF45/EF44-1 -> 0.044198895 | EO45: =EG45/EG44-1 -> 0.075630252 | EP45: =EH45/EH44-1 -> 0.050228311 | FI45: =$EA45 -> 3Q21 | FL45: 19.8 | FN45: =YEAR(FP45) -> 2010 | FO45: =WEEKNUM(FP45) -> 23 | FP45: 40329 | FQ45: 2.4938095 | FR45: =FQ45*8 -> 19.950476 | FS45: =YEAR(FU45) -> 2010 | FT45: =WEEKNUM(FU45) -> 23 | FU45: 40329 | FV45: 2.5 | FW45: =FV45*8 -> 20 | FX45: =YEAR(FZ45) -> 2010 | FY45: =WEEKNUM(FZ45) -> 43 | FZ45: 40472 | GA45: 3.83 | GB45: =GA45*4 -> 15.32 | GC45: =YEAR(GE45) -> 2011 | GD45: =WEEKNUM(GE45) -> 20 | GE45: 40674 | GF45: 2.13 | GG45: =GF45*4 -> 8.52 | GH45: =YEAR(GJ45) -> 2013 | GI45: =WEEKNUM(GJ45) -> 4 | GJ45: 41298 | GK45: 2.294 | GL45: =GK45*2 -> 4.588 | GM45: =YEAR(GO45) -> 2013 | GN45: =WEEKNUM(GO45) -> 33 | GO45: 41501 | GP45: 3.16 | GQ45: =GP45*2 -> 6.32
C46: {=_xlfn.IFS(MONTH(D46)<4,1,MONTH(D46)<7,2,MONTH(D46)<10,3,MONTH(D46)>9,4)&"Q"&RIGHT(YEAR(D46),2)} -> 1Q16 | D46: =EOMONTH(E46,0) -> 42460 | E46: =+I46 -> 42450 | F46: =+L46/8 -> 0.586875 | G46: =+M46/8 -> 0.4032 | I46: 42450 | J46: 4.95 | K46: 4.6 | L46: 4.695 | M46: 3.2256 | Q46: =L46/M46-1 -> 0.45554315 | AH46: =WORKDAY(AH45,6) -> 42570 | AI46: =IFERROR(VLOOKUP(AH46,$I:$L,4,FALSE),VLOOKUP(AH46,$I:$L,4,TRUE)) -> 3.633 | AJ46: =AI46/AI45-1 -> 0 | AK46: =AI46/AI44-1 -> 0 | AQ46: {=_xlfn.IFS(MONTH(AR46)<4,1,MONTH(AR46)<7,2,MONTH(AR46)<10,3,MONTH(AR46)>9,4)&"Q"&RIGHT(YEAR(AR46),2)} -> 2Q19 | AR46: =EOMONTH(AS46,0) -> 43616 | AS46: 43612 | AU46: {=INDEX($CE$29:$CE$1449,MATCH($AR46,$CA$29:$CA$1449,0),)} -> 137.32 | AW46: {=INDEX($CF$29:$CF$1449,MATCH($AR46,$CA$29:$CA$1449,0),)} -> 280 | BQ46: {=_xlfn.IFS(MONTH(BR46)<4,1,MONTH(BR46)<7,2,MONTH(BR46)<10,3,MONTH(BR46)>9,4)&"Q"&RIGHT(YEAR(BR46),2)} -> 4Q17 | BR46: =EOMONTH(BS46,0) -> 43069 | BS46: =EOMONTH(BS45,1) -> 43069 | BT46: 7.81 | BU46: 7.19 | BV46: 7.5 | CA46: 43069 | CE46: 292.83 | CF46: 600 | DQ46: =CE46/32 -> 9.1509375 | DR46: =CF46/64 -> 9.375 | EA46: =LEFT(EA42,1)&"Q"&RIGHT(EA42,2)+1 -> 4Q21 | EC46: 30.769231 | ED46: 46.153846 | EE46: 30.065359 | EF46: 15.04329 | EG46: 24.04661 | EH46: 43.369565 | EK46: =EC46/EC45-1 -> -0.050332384 | EM46: =EE46/EE45-1 -> -0.054548444 | EN46: =EF46/EF45-1 -> -0.20405873 | EO46: =EG46/EG45-1 -> -0.06067929 | EP46: =EH46/EH45-1 -> -0.057183365 | FI46: =$EA46 -> 4Q21 | FL46: 19.8 | FN46: =YEAR(FP46) -> 2010 | FO46: =WEEKNUM(FP46) -> 27 | FP46: 40359 | FQ46: 2.2485714 | FR46: =FQ46*8 -> 17.988571 | FS46: =YEAR(FU46) -> 2010 | FT46: =WEEKNUM(FU46) -> 27 | FU46: 40359 | FV46: 2.395 | FW46: =FV46*8 -> 19.16 | FX46: =YEAR(FZ46) -> 2010 | FY46: =WEEKNUM(FZ46) -> 43 | FZ46: 40473 | GA46: 3.83 | GB46: =GA46*4 -> 15.32 | GC46: =YEAR(GE46) -> 2011 | GD46: =WEEKNUM(GE46) -> 22 | GE46: 40688 | GF46: 2.13 | GG46: =GF46*4 -> 8.52 | GH46: =YEAR(GJ46) -> 2013 | GI46: =WEEKNUM(GJ46) -> 4 | GJ46: 41299 | GK46: 2.295 | GL46: =GK46*2 -> 4.59 | GM46: =YEAR(GO46) -> 2013 | GN46: =WEEKNUM(GO46) -> 35 | GO46: 41517 | GP46: 3.16 | GQ46: =GP46*2 -> 6.32
C47: {=_xlfn.IFS(MONTH(D47)<4,1,MONTH(D47)<7,2,MONTH(D47)<10,3,MONTH(D47)>9,4)&"Q"&RIGHT(YEAR(D47),2)} -> 1Q16 | D47: =EOMONTH(E47,0) -> 42460 | E47: =+I47 -> 42451 | F47: =+L47/8 -> 0.586625 | G47: =+M47/8 -> 0.4032 | I47: 42451 | J47: 4.96 | K47: 4.6 | L47: 4.693 | M47: 3.2256 | Q47: =L47/M47-1 -> 0.45492312 | AH47: =WORKDAY(AH46,6) -> 42578 | AI47: =IFERROR(VLOOKUP(AH47,$I:$L,4,FALSE),VLOOKUP(AH47,$I:$L,4,TRUE)) -> 3.651 | AJ47: =AI47/AI46-1 -> 0.004954583 | AK47: =AI47/AI45-1 -> 0.004954583 | AQ47: {=_xlfn.IFS(MONTH(AR47)<4,1,MONTH(AR47)<7,2,MONTH(AR47)<10,3,MONTH(AR47)>9,4)&"Q"&RIGHT(YEAR(AR47),2)} -> 2Q19 | AR47: =EOMONTH(AS47,0) -> 43646 | AS47: 43619 | AU47: {=INDEX($CE$29:$CE$1449,MATCH($AR47,$CA$29:$CA$1449,0),)} -> 123.59 | AW47: {=INDEX($CF$29:$CF$1449,MATCH($AR47,$CA$29:$CA$1449,0),)} -> 265 | BQ47: {=_xlfn.IFS(MONTH(BR47)<4,1,MONTH(BR47)<7,2,MONTH(BR47)<10,3,MONTH(BR47)>9,4)&"Q"&RIGHT(YEAR(BR47),2)} -> 4Q17 | BR47: =EOMONTH(BS47,0) -> 43100 | BS47: =EOMONTH(BS46,1) -> 43100 | BT47: 7.81 | BU47: 7.19 | BV47: 7.5 | CA47: =EOMONTH(CA46,1) -> 43100 | CE47: 297.81 | CF47: 600 | CQ47: 3.75 | CR47: 3.25 | DA47: =CE47/CE46-1 -> 0.017006454 | DB47: =CF47/CF46-1 -> 0 | DQ47: =CE47/32 -> 9.3065625 | DR47: =CF47/64 -> 9.375 | EA47: =LEFT(EA43,1)&"Q"&RIGHT(EA43,2)+1 -> 1Q22 | EC47: 28.355197 | ED47: 42.6 | EE47: 27.659574 | EF47: 13.9 | EG47: 22.7 | EH47: 39.9 | EK47: =EC47/EC46-1 -> -0.078456105 | EL47: =ED47/ED46-1 -> -0.077 | EM47: =EE47/EE46-1 -> -0.080018501 | EN47: =EF47/EF46-1 -> -0.076 | EO47: =EG47/EG46-1 -> -0.056 | EP47: =EH47/EH46-1 -> -0.08 | FI47: =$EA47 -> 1Q22 | FN47: =YEAR(FP47) -> 2010 | FO47: =WEEKNUM(FP47) -> 31 | FP47: 40390 | FQ47: 2.1290909 | FR47: =FQ47*8 -> 17.032727 | FS47: =YEAR(FU47) -> 2010 | FT47: =WEEKNUM(FU47) -> 31 | FU47: 40390 | FV47: 2.31 | FW47: =FV47*8 -> 18.48 | FX47: =YEAR(FZ47) -> 2010 | FY47: =WEEKNUM(FZ47) -> 44 | FZ47: 40476 | GA47: 3.82 | GB47: =GA47*4 -> 15.28 | GC47: =YEAR(GE47) -> 2011 | GD47: =WEEKNUM(GE47) -> 25 | GE47: 40707 | GF47: 2.06 | GG47: =GF47*4 -> 8.24 | GH47: =YEAR(GJ47) -> 2013 | GI47: =WEEKNUM(GJ47) -> 5 | GJ47: 41302 | GK47: 2.304 | GL47: =GK47*2 -> 4.608 | GM47: =YEAR(GO47) -> 2013 | GN47: =WEEKNUM(GO47) -> 40 | GO47: 41548 | GP47: 3.44 | GQ47: =GP47*2 -> 6.88
C48: {=_xlfn.IFS(MONTH(D48)<4,1,MONTH(D48)<7,2,MONTH(D48)<10,3,MONTH(D48)>9,4)&"Q"&RIGHT(YEAR(D48),2)} -> 1Q16 | D48: =EOMONTH(E48,0) -> 42460 | E48: =+I48 -> 42452 | F48: =+L48/8 -> 0.586625 | G48: =+M48/8 -> 0.4032 | I48: 42452 | J48: 4.95 | K48: 4.6 | L48: 4.693 | M48: 3.2256 | Q48: =L48/M48-1 -> 0.45492312 | AH48: =WORKDAY(AH47,6) -> 42586 | AI48: =IFERROR(VLOOKUP(AH48,$I:$L,4,FALSE),VLOOKUP(AH48,$I:$L,4,TRUE)) -> 3.689 | AJ48: =AI48/AI47-1 -> 0.010408107 | AK48: =AI48/AI46-1 -> 0.015414258 | AQ48: {=_xlfn.IFS(MONTH(AR48)<4,1,MONTH(AR48)<7,2,MONTH(AR48)<10,3,MONTH(AR48)>9,4)&"Q"&RIGHT(YEAR(AR48),2)} -> 2Q19 | AR48: =EOMONTH(AS48,0) -> 43646 | AS48: 43626 | AU48: {=INDEX($CE$29:$CE$1449,MATCH($AR48,$CA$29:$CA$1449,0),)} -> 123.59 | AW48: {=INDEX($CF$29:$CF$1449,MATCH($AR48,$CA$29:$CA$1449,0),)} -> 265 | BQ48: {=_xlfn.IFS(MONTH(BR48)<4,1,MONTH(BR48)<7,2,MONTH(BR48)<10,3,MONTH(BR48)>9,4)&"Q"&RIGHT(YEAR(BR48),2)} -> 1Q18 | BR48: =EOMONTH(BS48,0) -> 43131 | BS48: =EOMONTH(BS47,1) -> 43131 | BT48: 8.19 | BU48: 7.69 | BV48: 7.94 | CA48: =EOMONTH(CA47,1) -> 43131 | CD48: 66 | CE48: 303.77 | CF48: 600 | DA48: =CE48/CE47-1 -> 0.02001276 | DB48: =CF48/CF47-1 -> 0 | DQ48: =CE48/32 -> 9.4928125 | DR48: =CF48/64 -> 9.375 | EA48: =LEFT(EA44,1)&"Q"&RIGHT(EA44,2)+1 -> 2Q22 | EC48: 28.100988 | ED48: 42.2 | EE48: 27.212389 | EF48: 13.919822 | EG48: 22.651934 | EH48: 39.241918 | EK48: =EC48/EC47-1 -> -0.0089651589 | EL48: =ED48/ED47-1 -> -0.0093896714 | EM48: =EE48/EE47-1 -> -0.016167461 | EN48: =EF48/EF47-1 -> 0.0014260307 | EO48: =EG48/EG47-1 -> -0.0021174581 | EP48: =EH48/EH47-1 -> -0.016493296 | FI48: =$EA48 -> 2Q22 | FN48: =YEAR(FP48) -> 2010 | FO48: =WEEKNUM(FP48) -> 36 | FP48: 40421 | FQ48: 2.08 | FR48: =FQ48*8 -> 16.64 | FS48: =YEAR(FU48) -> 2010 | FT48: =WEEKNUM(FU48) -> 36 | FU48: 40421 | FV48: 2.1 | FW48: =FV48*8 -> 16.8 | FX48: =YEAR(FZ48) -> 2010 | FY48: =WEEKNUM(FZ48) -> 44 | FZ48: 40477 | GA48: 3.8 | GB48: =GA48*4 -> 15.2 | GC48: =YEAR(GE48) -> 2011 | GD48: =WEEKNUM(GE48) -> 27 | GE48: 40722 | GF48: 1.94 | GG48: =GF48*4 -> 7.76 | GH48: =YEAR(GJ48) -> 2013 | GI48: =WEEKNUM(GJ48) -> 5 | GJ48: 41303 | GK48: 2.31 | GL48: =GK48*2 -> 4.62 | GM48: =YEAR(GO48) -> 2013 | GN48: =WEEKNUM(GO48) -> 42 | GO48: 41562 | GP48: 3.69 | GQ48: =GP48*2 -> 7.38
C49: {=_xlfn.IFS(MONTH(D49)<4,1,MONTH(D49)<7,2,MONTH(D49)<10,3,MONTH(D49)>9,4)&"Q"&RIGHT(YEAR(D49),2)} -> 1Q16 | D49: =EOMONTH(E49,0) -> 42460 | E49: =+I49 -> 42453 | F49: =+L49/8 -> 0.586625 | G49: =+M49/8 -> 0.4032 | I49: 42453 | J49: 4.95 | K49: 4.6 | L49: 4.693 | M49: 3.2256 | Q49: =L49/M49-1 -> 0.45492312 | AH49: =WORKDAY(AH48,6) -> 42594 | AI49: =IFERROR(VLOOKUP(AH49,$I:$L,4,FALSE),VLOOKUP(AH49,$I:$L,4,TRUE)) -> 3.717 | AJ49: =AI49/AI48-1 -> 0.0075901328 | AK49: =AI49/AI47-1 -> 0.018077239 | AQ49: {=_xlfn.IFS(MONTH(AR49)<4,1,MONTH(AR49)<7,2,MONTH(AR49)<10,3,MONTH(AR49)>9,4)&"Q"&RIGHT(YEAR(AR49),2)} -> 2Q19 | AR49: =EOMONTH(AS49,0) -> 43646 | AS49: 43633 | AU49: {=INDEX($CE$29:$CE$1449,MATCH($AR49,$CA$29:$CA$1449,0),)} -> 123.59 | AW49: {=INDEX($CF$29:$CF$1449,MATCH($AR49,$CA$29:$CA$1449,0),)} -> 265 | BQ49: {=_xlfn.IFS(MONTH(BR49)<4,1,MONTH(BR49)<7,2,MONTH(BR49)<10,3,MONTH(BR49)>9,4)&"Q"&RIGHT(YEAR(BR49),2)} -> 1Q18 | BR49: =EOMONTH(BS49,0) -> 43159 | BS49: =EOMONTH(BS48,1) -> 43159 | BT49: 8.19 | BU49: 7.69 | BV49: 7.94 | CA49: =EOMONTH(CA48,1) -> 43159 | CD49: 66 | CE49: 306.81 | CF49: 605 | CZ49: =CD49/CD48-1 -> 0 | DA49: =CE49/CE48-1 -> 0.010007572 | DB49: =CF49/CF48-1 -> 0.0083333333 | DQ49: =CE49/32 -> 9.5878125 | DR49: =CF49/64 -> 9.453125 | EA49: =LEFT(EA45,1)&"Q"&RIGHT(EA45,2)+1 -> 3Q22 | EC49: 25.550122 | ED49: 38.386308 | EE49: 24.688279 | EF49: 12.5 | EG49: 20.552486 | EH49: 35.194175 | EK49: =EC49/EC48-1 -> -0.090774947 | EL49: =ED49/ED48-1 -> -0.090371847 | EM49: =EE49/EE48-1 -> -0.092755915 | EN49: =EF49/EF48-1 -> -0.102 | EO49: =EG49/EG48-1 -> -0.092682927 | EP49: =EH49/EH48-1 -> -0.10314844 | FI49: =$EA49 -> 3Q22 | FN49: =YEAR(FP49) -> 2010 | FO49: =WEEKNUM(FP49) -> 40 | FP49: 40451 | FQ49: 1.87 | FR49: =FQ49*8 -> 14.96 | FS49: =YEAR(FU49) -> 2010 | FT49: =WEEKNUM(FU49) -> 40 | FU49: 40451 | FV49: 1.97 | FW49: =FV49*8 -> 15.76 | FX49: =YEAR(FZ49) -> 2010 | FY49: =WEEKNUM(FZ49) -> 44 | FZ49: 40478 | GA49: 3.77 | GB49: =GA49*4 -> 15.08 | GC49: =YEAR(GE49) -> 2011 | GD49: =WEEKNUM(GE49) -> 29 | GE49: 40737 | GF49: 1.78 | GG49: =GF49*4 -> 7.12 | GH49: =YEAR(GJ49) -> 2013 | GI49: =WEEKNUM(GJ49) -> 5 | GJ49: 41304 | GK49: 2.31 | GL49: =GK49*2 -> 4.62 | GM49: =YEAR(GO49) -> 2013 | GN49: =WEEKNUM(GO49) -> 44 | GO49: 41578 | GP49: 3.69 | GQ49: =GP49*2 -> 7.38
C50: {=_xlfn.IFS(MONTH(D50)<4,1,MONTH(D50)<7,2,MONTH(D50)<10,3,MONTH(D50)>9,4)&"Q"&RIGHT(YEAR(D50),2)} -> 1Q16 | D50: =EOMONTH(E50,0) -> 42460 | E50: =+I50 -> 42454 | F50: =+L50/8 -> 0.5865 | G50: =+M50/8 -> 0.4032 | I50: 42454 | J50: 4.95 | K50: 4.6 | L50: 4.692 | M50: 3.2256 | Q50: =L50/M50-1 -> 0.4546131 | AH50: =WORKDAY(AH49,6) -> 42604 | AI50: =IFERROR(VLOOKUP(AH50,$I:$L,4,FALSE),VLOOKUP(AH50,$I:$L,4,TRUE)) -> 3.717 | AJ50: =AI50/AI49-1 -> 0 | AK50: =AI50/AI48-1 -> 0.0075901328 | AQ50: {=_xlfn.IFS(MONTH(AR50)<4,1,MONTH(AR50)<7,2,MONTH(AR50)<10,3,MONTH(AR50)>9,4)&"Q"&RIGHT(YEAR(AR50),2)} -> 2Q19 | AR50: =EOMONTH(AS50,0) -> 43646 | AS50: 43640 | AU50: {=INDEX($CE$29:$CE$1449,MATCH($AR50,$CA$29:$CA$1449,0),)} -> 123.59 | AW50: {=INDEX($CF$29:$CF$1449,MATCH($AR50,$CA$29:$CA$1449,0),)} -> 265 | BQ50: {=_xlfn.IFS(MONTH(BR50)<4,1,MONTH(BR50)<7,2,MONTH(BR50)<10,3,MONTH(BR50)>9,4)&"Q"&RIGHT(YEAR(BR50),2)} -> 1Q18 | BR50: =EOMONTH(BS50,0) -> 43190 | BS50: =EOMONTH(BS49,1) -> 43190 | BT50: 8.19 | BU50: 7.69 | BV50: 7.94 | CA50: =EOMONTH(CA49,1) -> 43190 | CD50: 66 | CE50: 308.35 | CF50: 605 | CZ50: =CD50/CD49-1 -> 0 | DA50: =CE50/CE49-1 -> 0.0050193931 | DB50: =CF50/CF49-1 -> 0 | DQ50: =CE50/32 -> 9.6359375 | DR50: =CF50/64 -> 9.453125 | EA50: =LEFT(EA46,1)&"Q"&RIGHT(EA46,2)+1 -> 4Q22 | EB50: 38.536585 | EC50: 20.9 | ED50: 28.867235 | EE50: 18.341709 | EF50: 10.060606 | EG50: 18.22376 | EH50: 27.699531 | EK50: -0.182 | EL50: =ED50/ED49-1 -> -0.24798095 | EM50: =EE50/EE49-1 -> -0.25706817 | EN50: =EF50/EF49-1 -> -0.19515152 | EO50: =EG50/EG49-1 -> -0.1133063 | EP50: =EH50/EH49-1 -> -0.21295127 | FN50: =YEAR(FP50) -> 2010 | FO50: =WEEKNUM(FP50) -> 45 | FP50: 40482 | FQ50: 1.82 | FR50: =FQ50*8 -> 14.56 | FS50: =YEAR(FU50) -> 2010 | FT50: =WEEKNUM(FU50) -> 45 | FU50: 40482 | FV50: 1.8 | FW50: =FV50*8 -> 14.4 | FX50: =YEAR(FZ50) -> 2010 | FY50: =WEEKNUM(FZ50) -> 44 | FZ50: 40479 | GA50: 3.75 | GB50: =GA50*4 -> 15 | GC50: =YEAR(GE50) -> 2011 | GD50: =WEEKNUM(GE50) -> 31 | GE50: 40750 | GF50: 1.59 | GG50: =GF50*4 -> 6.36 | GH50: =YEAR(GJ50) -> 2013 | GI50: =WEEKNUM(GJ50) -> 5 | GJ50: 41305 | GK50: 2.333 | GL50: =GK50*2 -> 4.666 | GM50: =YEAR(GO50) -> 2013 | GN50: =WEEKNUM(GO50) -> 46 | GO50: 41592 | GP50: 3.69 | GQ50: =GP50*2 -> 7.38
C51: {=_xlfn.IFS(MONTH(D51)<4,1,MONTH(D51)<7,2,MONTH(D51)<10,3,MONTH(D51)>9,4)&"Q"&RIGHT(YEAR(D51),2)} -> 1Q16 | D51: =EOMONTH(E51,0) -> 42460 | E51: =+I51 -> 42457 | F51: =+L51/8 -> 0.5865 | G51: =+M51/8 -> 0.4032 | I51: 42457 | J51: 4.95 | K51: 4.62 | L51: 4.692 | M51: 3.2256 | Q51: =L51/M51-1 -> 0.4546131 | AH51: =WORKDAY(AH50,6) -> 42612 | AI51: =IFERROR(VLOOKUP(AH51,$I:$L,4,FALSE),VLOOKUP(AH51,$I:$L,4,TRUE)) -> 3.717 | AJ51: =AI51/AI50-1 -> 0 | AK51: =AI51/AI49-1 -> 0 | AQ51: {=_xlfn.IFS(MONTH(AR51)<4,1,MONTH(AR51)<7,2,MONTH(AR51)<10,3,MONTH(AR51)>9,4)&"Q"&RIGHT(YEAR(AR51),2)} -> 3Q19 | AR51: =EOMONTH(AS51,0) -> 43677 | AS51: 43647 | AU51: {=INDEX($CE$29:$CE$1449,MATCH($AR51,$CA$29:$CA$1449,0),)} -> 114.94 | AW51: {=INDEX($CF$29:$CF$1449,MATCH($AR51,$CA$29:$CA$1449,0),)} -> 240 | BQ51: {=_xlfn.IFS(MONTH(BR51)<4,1,MONTH(BR51)<7,2,MONTH(BR51)<10,3,MONTH(BR51)>9,4)&"Q"&RIGHT(YEAR(BR51),2)} -> 2Q18 | BR51: =EOMONTH(BS51,0) -> 43220 | BS51: =EOMONTH(BS50,1) -> 43220 | BT51: 8.31 | BU51: 7.94 | BV51: 8.19 | CA51: =EOMONTH(CA50,1) -> 43220 | CD51: 68 | CE51: 310.18 | CF51: 615 | CZ51: =CD51/CD50-1 -> 0.03030303 | DA51: =CE51/CE50-1 -> 0.0059348143 | DB51: =CF51/CF50-1 -> 0.016528926 | DQ51: =CE51/32 -> 9.693125 | DR51: =CF51/64 -> 9.609375 | EA51: =LEFT(EA47,1)&"Q"&RIGHT(EA47,2)+1 -> 1Q23 | EB51: 31.566265 | ED51: 23.73494 | EE51: 14.669927 | EF51: 7.7018634 | EG51: 15.073116 | EH51: 23.325359 | EJ51: =EB51/EB50-1 -> -0.1808754 | EL51: =ED51/ED50-1 -> -0.17778964 | EM51: =EE51/EE50-1 -> -0.20018756 | EN51: =EF51/EF50-1 -> -0.23445334 | EO51: =EG51/EG50-1 -> -0.17288662 | EP51: =EH51/EH50-1 -> -0.15791501 | FN51: =YEAR(FP51) -> 2010 | FO51: =WEEKNUM(FP51) -> 49 | FP51: 40512 | FQ51: 1.95 | FR51: =FQ51*8 -> 15.6 | FS51: =YEAR(FU51) -> 2010 | FT51: =WEEKNUM(FU51) -> 49 | FU51: 40512 | FV51: 1.6 | FW51: =FV51*8 -> 12.8 | FX51: =YEAR(FZ51) -> 2010 | FY51: =WEEKNUM(FZ51) -> 44 | FZ51: 40480 | GA51: 3.26 | GB51: =GA51*4 -> 13.04 | GC51: =YEAR(GE51) -> 2011 | GD51: =WEEKNUM(GE51) -> 33 | GE51: 40766 | GF51: 1.31 | GG51: =GF51*4 -> 5.24 | GH51: =YEAR(GJ51) -> 2013 | GI51: =WEEKNUM(GJ51) -> 5 | GJ51: 41306 | GK51: 2.389 | GL51: =GK51*2 -> 4.778 | GM51: =YEAR(GO51) -> 2013 | GN51: =WEEKNUM(GO51) -> 48 | GO51: 41607 | GP51: 3.81 | GQ51: =GP51*2 -> 7.62
C52: {=_xlfn.IFS(MONTH(D52)<4,1,MONTH(D52)<7,2,MONTH(D52)<10,3,MONTH(D52)>9,4)&"Q"&RIGHT(YEAR(D52),2)} -> 1Q16 | D52: =EOMONTH(E52,0) -> 42460 | E52: =+I52 -> 42458 | F52: =+L52/8 -> 0.586375 | G52: =+M52/8 -> 0.4032 | I52: 42458 | J52: 4.95 | K52: 4.63 | L52: 4.691 | M52: 3.2256 | Q52: =L52/M52-1 -> 0.45430308 | AH52: =WORKDAY(AH51,6) -> 42620 | AI52: =IFERROR(VLOOKUP(AH52,$I:$L,4,FALSE),VLOOKUP(AH52,$I:$L,4,TRUE)) -> 3.717 | AJ52: =AI52/AI51-1 -> 0 | AK52: =AI52/AI50-1 -> 0 | AQ52: {=_xlfn.IFS(MONTH(AR52)<4,1,MONTH(AR52)<7,2,MONTH(AR52)<10,3,MONTH(AR52)>9,4)&"Q"&RIGHT(YEAR(AR52),2)} -> 3Q19 | AR52: =EOMONTH(AS52,0) -> 43677 | AS52: 43654 | AU52: {=INDEX($CE$29:$CE$1449,MATCH($AR52,$CA$29:$CA$1449,0),)} -> 114.94 | AW52: {=INDEX($CF$29:$CF$1449,MATCH($AR52,$CA$29:$CA$1449,0),)} -> 240 | BQ52: {=_xlfn.IFS(MONTH(BR52)<4,1,MONTH(BR52)<7,2,MONTH(BR52)<10,3,MONTH(BR52)>9,4)&"Q"&RIGHT(YEAR(BR52),2)} -> 2Q18 | BR52: =EOMONTH(BS52,0) -> 43251 | BS52: =EOMONTH(BS51,1) -> 43251 | BT52: 8.31 | BU52: 7.94 | BV52: 8.19 | CA52: =EOMONTH(CA51,1) -> 43251 | CD52: 68 | CE52: 313.28 | CF52: 625 | CZ52: =CD52/CD51-1 -> 0 | DA52: =CE52/CE51-1 -> 0.0099941969 | DB52: =CF52/CF51-1 -> 0.016260163 | DQ52: =CE52/32 -> 9.79 | DR52: =CF52/64 -> 9.765625 | EA52: =LEFT(EA48,1)&"Q"&RIGHT(EA48,2)+1 -> 2Q23 | EB52: 26.260704 | ED52: 19.695528 | EE52: 12.037037 | EF52: 6.1310782 | EG52: 12.828601 | EH52: 19.470899 | EJ52: =EB52/EB51-1 -> -0.16807693 | EL52: =ED52/ED51-1 -> -0.17018841 | EM52: =EE52/EE51-1 -> -0.17947531 | EN52: =EF52/EF51-1 -> -0.20394871 | EO52: =EG52/EG51-1 -> -0.14890845 | EP52: =EH52/EH51-1 -> -0.16524759 | FL52: =YEAR(FN52) -> 2010 | FM52: =WEEKNUM(FN52) -> 53 | FN52: 40543 | FO52: 1.9 | FP52: =FO52*8 -> 15.2 | FQ52: =YEAR(FS52) -> 2010 | FR52: =WEEKNUM(FS52) -> 53 | FS52: 40543 | FT52: 1.6 | FU52: =FT52*8 -> 12.8 | FV52: =YEAR(FX52) -> 2010 | FW52: =WEEKNUM(FX52) -> 45 | FX52: 40483 | FY52: 3 | FZ52: =FY52*4 -> 12 | GA52: =YEAR(GC52) -> 2011 | GB52: =WEEKNUM(GC52) -> 35 | GC52: 40780 | GD52: 1.19 | GE52: =GD52*4 -> 4.76 | GF52: =YEAR(GH52) -> 2013 | GG52: =WEEKNUM(GH52) -> 6 | GH52: 41309 | GI52: 2.4 | GJ52: =GI52*2 -> 4.8 | GK52: =YEAR(GM52) -> 2013 | GL52: =WEEKNUM(GM52) -> 51 | GM52: 41624 | GN52: 3.94 | GO52: =GN52*2 -> 7.88
C53: {=_xlfn.IFS(MONTH(D53)<4,1,MONTH(D53)<7,2,MONTH(D53)<10,3,MONTH(D53)>9,4)&"Q"&RIGHT(YEAR(D53),2)} -> 1Q16 | D53: =EOMONTH(E53,0) -> 42460 | E53: =+I53 -> 42459 | F53: =+L53/8 -> 0.586375 | G53: =+M53/8 -> 0.4032 | I53: 42459 | J53: 4.95 | K53: 4.63 | L53: 4.691 | M53: 3.2256 | Q53: =L53/M53-1 -> 0.45430308 | AH53: =WORKDAY(AH52,6) -> 42628 | AI53: =IFERROR(VLOOKUP(AH53,$I:$L,4,FALSE),VLOOKUP(AH53,$I:$L,4,TRUE)) -> 3.798 | AJ53: =AI53/AI52-1 -> 0.021791768 | AK53: =AI53/AI51-1 -> 0.021791768 | AQ53: {=_xlfn.IFS(MONTH(AR53)<4,1,MONTH(AR53)<7,2,MONTH(AR53)<10,3,MONTH(AR53)>9,4)&"Q"&RIGHT(YEAR(AR53),2)} -> 3Q19 | AR53: =EOMONTH(AS53,0) -> 43677 | AS53: 43661 | AU53: {=INDEX($CE$29:$CE$1449,MATCH($AR53,$CA$29:$CA$1449,0),)} -> 114.94 | AW53: {=INDEX($CF$29:$CF$1449,MATCH($AR53,$CA$29:$CA$1449,0),)} -> 240 | BQ53: {=_xlfn.IFS(MONTH(BR53)<4,1,MONTH(BR53)<7,2,MONTH(BR53)<10,3,MONTH(BR53)>9,4)&"Q"&RIGHT(YEAR(BR53),2)} -> 2Q18 | BR53: =EOMONTH(BS53,0) -> 43281 | BS53: =EOMONTH(BS52,1) -> 43281 | BT53: 8.31 | BU53: 7.94 | BV53: 8.19 | CA53: =EOMONTH(CA52,1) -> 43281 | CD53: 68 | CE53: 316.41 | CF53: 632 | CQ53: 4.03 | CR53: 3.3 | CZ53: =CD53/CD52-1 -> 0 | DA53: =CE53/CE52-1 -> 0.0099910623 | DB53: =CF53/CF52-1 -> 0.0112 | DQ53: =CE53/32 -> 9.8878125 | DR53: =CF53/64 -> 9.875 | EA53: =LEFT(EA49,1)&"Q"&RIGHT(EA49,2)+1 -> 3Q23 | EB53: 27.531381 | ED53: 20.652174 | EE53: 11.614005 | EF53: 5.8020478 | EG53: 12.1673 | EH53: 18.439716 | EJ53: =EB53/EB52-1 -> 0.048386999 | EL53: =ED53/ED52-1 -> 0.048571729 | EM53: =EE53/EE52-1 -> -0.03514419 | EN53: =EF53/EF52-1 -> -0.053666 | EO53: =EG53/EG52-1 -> -0.051548962 | EP53: =EH53/EH52-1 -> -0.052960222 | FV53: =YEAR(FX53) -> 2010 | FW53: =WEEKNUM(FX53) -> 45 | FX53: 40484 | FY53: 2.99 | FZ53: =FY53*4 -> 11.96 | GA53: =YEAR(GC53) -> 2011 | GB53: =WEEKNUM(GC53) -> 38 | GC53: 40800 | GD53: 1.13 | GE53: =GD53*4 -> 4.52 | GF53: =YEAR(GH53) -> 2013 | GG53: =WEEKNUM(GH53) -> 6 | GH53: 41310 | GI53: 2.4 | GJ53: =GI53*2 -> 4.8 | GK53: =YEAR(GM53) -> 2013 | GL53: =WEEKNUM(GM53) -> 53 | GM53: 41639 | GN53: 3.94 | GO53: =GN53*2 -> 7.88
C54: {=_xlfn.IFS(MONTH(D54)<4,1,MONTH(D54)<7,2,MONTH(D54)<10,3,MONTH(D54)>9,4)&"Q"&RIGHT(YEAR(D54),2)} -> 1Q16 | D54: =EOMONTH(E54,0) -> 42460 | E54: =+I54 -> 42460 | F54: =+L54/8 -> 0.586375 | G54: =+M54/8 -> 0.4032 | I54: 42460 | J54: 4.95 | K54: 4.63 | L54: 4.691 | M54: 3.2256 | Q54: =L54/M54-1 -> 0.45430308 | AH54: =WORKDAY(AH53,6) -> 42636 | AI54: =IFERROR(VLOOKUP(AH54,$I:$L,4,FALSE),VLOOKUP(AH54,$I:$L,4,TRUE)) -> 4.135 | AJ54: =AI54/AI53-1 -> 0.088730911 | AK54: =AI54/AI52-1 -> 0.11245628 | AQ54: {=_xlfn.IFS(MONTH(AR54)<4,1,MONTH(AR54)<7,2,MONTH(AR54)<10,3,MONTH(AR54)>9,4)&"Q"&RIGHT(YEAR(AR54),2)} -> 3Q19 | AR54: =EOMONTH(AS54,0) -> 43677 | AS54: 43668 | AU54: {=INDEX($CE$29:$CE$1449,MATCH($AR54,$CA$29:$CA$1449,0),)} -> 114.94 | AW54: {=INDEX($CF$29:$CF$1449,MATCH($AR54,$CA$29:$CA$1449,0),)} -> 240 | BQ54: {=_xlfn.IFS(MONTH(BR54)<4,1,MONTH(BR54)<7,2,MONTH(BR54)<10,3,MONTH(BR54)>9,4)&"Q"&RIGHT(YEAR(BR54),2)} -> 3Q18 | BR54: =EOMONTH(BS54,0) -> 43312 | BS54: =EOMONTH(BS53,1) -> 43312 | BT54: 8.31 | BU54: 7.94 | BV54: 8.19 | CA54: =EOMONTH(CA53,1) -> 43312 | CD54: 68 | CE54: 317.36 | CF54: 640 | CZ54: =CD54/CD53-1 -> 0 | DA54: =CE54/CE53-1 -> 0.0030024336 | DB54: =CF54/CF53-1 -> 0.012658228 | DQ54: =CE54/32 -> 9.9175 | DR54: =CF54/64 -> 10 | EA54: =LEFT(EA50,1)&"Q"&RIGHT(EA50,2)+1 -> 4Q23 | EB54: 32.899306 | ED54: 24.739583 | EE54: 13.632782 | EF54: 6.8054444 | EG54: 12.822796 | EH54: 20.777161 | EJ54: =EB54/EB53-1 -> 0.19497478 | EL54: =ED54/ED53-1 -> 0.19791667 | EM54: =EE54/EE53-1 -> 0.1738226 | EN54: =EF54/EF53-1 -> 0.17293835 | EO54: =EG54/EG53-1 -> 0.053873553 | EP54: =EH54/EH53-1 -> 0.12676142 | FV54: =YEAR(FX54) -> 2010 | FW54: =WEEKNUM(FX54) -> 45 | FX54: 40485 | FY54: 2.96 | FZ54: =FY54*4 -> 11.84 | GA54: =YEAR(GC54) -> 2011 | GB54: =WEEKNUM(GC54) -> 40 | GC54: 40814 | GD54: 1.06 | GE54: =GD54*4 -> 4.24 | GF54: =YEAR(GH54) -> 2013 | GG54: =WEEKNUM(GH54) -> 6 | GH54: 41311 | GI54: 2.43 | GJ54: =GI54*2 -> 4.86 | GK54: =YEAR(GM54) -> 2014 | GL54: =WEEKNUM(GM54) -> 3 | GM54: 41653 | GN54: 3.81 | GO54: =GN54*2 -> 7.62
C55: {=_xlfn.IFS(MONTH(D55)<4,1,MONTH(D55)<7,2,MONTH(D55)<10,3,MONTH(D55)>9,4)&"Q"&RIGHT(YEAR(D55),2)} -> 2Q16 | D55: =EOMONTH(E55,0) -> 42490 | E55: =+I55 -> 42461 | F55: =+L55/8 -> 0.586375 | G55: =+M55/8 -> 0.3864 | I55: 42461 | J55: 4.95 | K55: 4.65 | L55: 4.691 | M55: 3.0912 | Q55: =L55/M55-1 -> 0.51753364 | AH55: =WORKDAY(AH54,6) -> 42646 | AI55: =IFERROR(VLOOKUP(AH55,$I:$L,4,FALSE),VLOOKUP(AH55,$I:$L,4,TRUE)) -> 4.35 | AJ55: =AI55/AI54-1 -> 0.051995163 | AK55: =AI55/AI53-1 -> 0.14533965 | AQ55: {=_xlfn.IFS(MONTH(AR55)<4,1,MONTH(AR55)<7,2,MONTH(AR55)<10,3,MONTH(AR55)>9,4)&"Q"&RIGHT(YEAR(AR55),2)} -> 3Q19 | AR55: =EOMONTH(AS55,0) -> 43677 | AS55: 43675 | AU55: {=INDEX($CE$29:$CE$1449,MATCH($AR55,$CA$29:$CA$1449,0),)} -> 114.94 | AW55: {=INDEX($CF$29:$CF$1449,MATCH($AR55,$CA$29:$CA$1449,0),)} -> 240 | BQ55: {=_xlfn.IFS(MONTH(BR55)<4,1,MONTH(BR55)<7,2,MONTH(BR55)<10,3,MONTH(BR55)>9,4)&"Q"&RIGHT(YEAR(BR55),2)} -> 3Q18 | BR55: =EOMONTH(BS55,0) -> 43343 | BS55: =EOMONTH(BS54,1) -> 43343 | BT55: 8.31 | BU55: 7.94 | BV55: 8.19 | CA55: =EOMONTH(CA54,1) -> 43343 | CD55: 68 | CE55: 317.36 | CF55: 640 | CQ55: 3.2 | CR55: 4.03 | CZ55: =CD55/CD54-1 -> 0 | DA55: =CE55/CE54-1 -> 0 | DB55: =CF55/CF54-1 -> 0 | DQ55: =CE55/32 -> 9.9175 | DR55: =CF55/64 -> 10 | EA55: =LEFT(EA51,1)&"Q"&RIGHT(EA51,2)+1 -> 1Q24 | EB55: 37.962963 | ED55: 28.425926 | EE55: 17.314815 | EF55: 8.6317723 | EG55: 14.299065 | EH55: 26.186131 | EJ55: =EB55/EB54-1 -> 0.15391381 | EL55: =ED55/ED54-1 -> 0.14900585 | EM55: =EE55/EE54-1 -> 0.27008671 | EN55: =EF55/EF54-1 -> 0.26836277 | EO55: =EG55/EG54-1 -> 0.1151285 | EP55: =EH55/EH54-1 -> 0.26033251 | FV55: =YEAR(FX55) -> 2010 | FW55: =WEEKNUM(FX55) -> 45 | FX55: 40486 | FY55: 2.93 | FZ55: =FY55*4 -> 11.72 | GA55: =YEAR(GC55) -> 2011 | GB55: =WEEKNUM(GC55) -> 42 | GC55: 40828 | GD55: 1.06 | GE55: =GD55*4 -> 4.24 | GF55: =YEAR(GH55) -> 2013 | GG55: =WEEKNUM(GH55) -> 6 | GH55: 41312 | GI55: 2.43 | GJ55: =GI55*2 -> 4.86 | GK55: =YEAR(GM55) -> 2014 | GL55: =WEEKNUM(GM55) -> 5 | GM55: 41667 | GN55: 3.81 | GO55: =GN55*2 -> 7.62
C56: {=_xlfn.IFS(MONTH(D56)<4,1,MONTH(D56)<7,2,MONTH(D56)<10,3,MONTH(D56)>9,4)&"Q"&RIGHT(YEAR(D56),2)} -> 2Q16 | D56: =EOMONTH(E56,0) -> 42490 | E56: =+I56 -> 42465 | F56: =+L56/8 -> 0.586375 | G56: =+M56/8 -> 0.3864 | I56: 42465 | J56: 4.96 | K56: 4.66 | L56: 4.691 | M56: 3.0912 | Q56: =L56/M56-1 -> 0.51753364 | AH56: =WORKDAY(AH55,6) -> 42654 | AI56: =IFERROR(VLOOKUP(AH56,$I:$L,4,FALSE),VLOOKUP(AH56,$I:$L,4,TRUE)) -> 4.475 | AJ56: =AI56/AI55-1 -> 0.028735632 | AK56: =AI56/AI54-1 -> 0.082224909 | AQ56: {=_xlfn.IFS(MONTH(AR56)<4,1,MONTH(AR56)<7,2,MONTH(AR56)<10,3,MONTH(AR56)>9,4)&"Q"&RIGHT(YEAR(AR56),2)} -> 3Q19 | AR56: =EOMONTH(AS56,0) -> 43708 | AS56: 43682 | AU56: {=INDEX($CE$29:$CE$1449,MATCH($AR56,$CA$29:$CA$1449,0),)} -> 112.64 | AW56: {=INDEX($CF$29:$CF$1449,MATCH($AR56,$CA$29:$CA$1449,0),)} -> 230 | BQ56: {=_xlfn.IFS(MONTH(BR56)<4,1,MONTH(BR56)<7,2,MONTH(BR56)<10,3,MONTH(BR56)>9,4)&"Q"&RIGHT(YEAR(BR56),2)} -> 3Q18 | BR56: =EOMONTH(BS56,0) -> 43373 | BS56: =EOMONTH(BS55,1) -> 43373 | BT56: 8.31 | BU56: 7.94 | BV56: 8.19 | CA56: =EOMONTH(CA55,1) -> 43373 | CD56: 68 | CE56: 317.36 | CF56: 640 | CQ56: 3.95 | CR56: 3.15 | CZ56: =CD56/CD55-1 -> 0 | DA56: =CE56/CE55-1 -> 0 | DB56: =CF56/CF55-1 -> 0 | DM56: =CQ56/CQ55-1 -> 0.234375 | DN56: =CR56/CR55-1 -> -0.21836228 | DQ56: =CE56/32 -> 9.9175 | DR56: =CF56/64 -> 10 | EA56: =LEFT(EA52,1)&"Q"&RIGHT(EA52,2)+1 -> 2Q24 | EB56: 40.056022 | ED56: 30.093458 | EE56: 18.8 | EF56: 9.3 | EG56: 15.3 | EH56: 28.444882 | EJ56: =EB56/EB55-1 -> 0.055134249 | EL56: =ED56/ED55-1 -> 0.058662364 | EM56: =EE56/EE55-1 -> 0.085775401 | EN56: =EF56/EF55-1 -> 0.077414894 | EO56: =EG56/EG55-1 -> 0.07 | EP56: =EH56/EH55-1 -> 0.08625751 | FV56: =YEAR(FX56) -> 2010 | FW56: =WEEKNUM(FX56) -> 45 | FX56: 40487 | FY56: 2.8 | FZ56: =FY56*4 -> 11.2 | GA56: =YEAR(GC56) -> 2011 | GB56: =WEEKNUM(GC56) -> 44 | GC56: 40842 | GD56: 1.06 | GE56: =GD56*4 -> 4.24 | GF56: =YEAR(GH56) -> 2013 | GG56: =WEEKNUM(GH56) -> 6 | GH56: 41313 | GI56: 2.43 | GJ56: =GI56*2 -> 4.86 | GK56: =YEAR(GM56) -> 2014 | GL56: =WEEKNUM(GM56) -> 8 | GM56: 41687 | GN56: 3.75 | GO56: =GN56*2 -> 7.5
C57: {=_xlfn.IFS(MONTH(D57)<4,1,MONTH(D57)<7,2,MONTH(D57)<10,3,MONTH(D57)>9,4)&"Q"&RIGHT(YEAR(D57),2)} -> 2Q16 | D57: =EOMONTH(E57,0) -> 42490 | E57: =+I57 -> 42466 | F57: =+L57/8 -> 0.586 | G57: =+M57/8 -> 0.3864 | I57: 42466 | J57: 4.96 | K57: 4.67 | L57: 4.688 | M57: 3.0912 | Q57: =L57/M57-1 -> 0.51656315 | AH57: =WORKDAY(AH56,6) -> 42662 | AI57: =IFERROR(VLOOKUP(AH57,$I:$L,4,FALSE),VLOOKUP(AH57,$I:$L,4,TRUE)) -> 4.775 | AJ57: =AI57/AI56-1 -> 0.067039106 | AK57: =AI57/AI55-1 -> 0.097701149 | AQ57: {=_xlfn.IFS(MONTH(AR57)<4,1,MONTH(AR57)<7,2,MONTH(AR57)<10,3,MONTH(AR57)>9,4)&"Q"&RIGHT(YEAR(AR57),2)} -> 3Q19 | AR57: =EOMONTH(AS57,0) -> 43708 | AS57: 43689 | AU57: {=INDEX($CE$29:$CE$1449,MATCH($AR57,$CA$29:$CA$1449,0),)} -> 112.64 | AW57: {=INDEX($CF$29:$CF$1449,MATCH($AR57,$CA$29:$CA$1449,0),)} -> 230 | BQ57: {=_xlfn.IFS(MONTH(BR57)<4,1,MONTH(BR57)<7,2,MONTH(BR57)<10,3,MONTH(BR57)>9,4)&"Q"&RIGHT(YEAR(BR57),2)} -> 4Q18 | BR57: =EOMONTH(BS57,0) -> 43404 | BS57: =EOMONTH(BS56,1) -> 43404 | BT57: 7.44 | BU57: 7.19 | BV57: 7.31 | CA57: =EOMONTH(CA56,1) -> 43404 | CD57: 61 | CE57: 295.15 | CF57: 620 | CQ57: 3.6 | CR57: 3 | CZ57: =CD57/CD56-1 -> -0.10294118 | DA57: =CE57/CE56-1 -> -0.069983615 | DB57: =CF57/CF56-1 -> -0.03125 | DM57: =CQ57/CQ56-1 -> -0.088607595 | DN57: =CR57/CR56-1 -> -0.047619048 | DQ57: =CE57/32 -> 9.2234375 | DR57: =CF57/64 -> 9.6875 | EA57: =LEFT(EA53,1)&"Q"&RIGHT(EA53,2)+1 -> 3Q24 | EB57: 39.849624 | ED57: 29.892473 | EE57: 18.344519 | EF57: 9.2031425 | EG57: 15.298088 | EH57: 28.439306 | EJ57: =EB57/EB56-1 -> -0.005152742 | EL57: =ED57/ED56-1 -> -0.0066786883 | EM57: =EE57/EE56-1 -> -0.024227712 | EN57: =EF57/EF56-1 -> -0.010414781 | EO57: =EG57/EG56-1 -> -0.00012498438 | EP57: =EH57/EH56-1 -> -0.00019601176 | FV57: =YEAR(FX57) -> 2010 | FW57: =WEEKNUM(FX57) -> 46 | FX57: 40490 | FY57: 2.79 | FZ57: =FY57*4 -> 11.16 | GA57: =YEAR(GC57) -> 2011 | GB57: =WEEKNUM(GC57) -> 47 | GC57: 40862 | GD57: 1.03 | GE57: =GD57*4 -> 4.12 | GF57: =YEAR(GH57) -> 2013 | GG57: =WEEKNUM(GH57) -> 8 | GH57: 41323 | GI57: 2.43 | GJ57: =GI57*2 -> 4.86 | GK57: =YEAR(GM57) -> 2014 | GL57: =WEEKNUM(GM57) -> 9 | GM57: 41697 | GN57: 3.69 | GO57: =GN57*2 -> 7.38
C58: {=_xlfn.IFS(MONTH(D58)<4,1,MONTH(D58)<7,2,MONTH(D58)<10,3,MONTH(D58)>9,4)&"Q"&RIGHT(YEAR(D58),2)} -> 2Q16 | D58: =EOMONTH(E58,0) -> 42490 | E58: =+I58 -> 42467 | F58: =+L58/8 -> 0.586 | G58: =+M58/8 -> 0.3864 | I58: 42467 | J58: 4.98 | K58: 4.67 | L58: 4.688 | M58: 3.0912 | Q58: =L58/M58-1 -> 0.51656315 | AH58: =WORKDAY(AH57,6) -> 42670 | AI58: =IFERROR(VLOOKUP(AH58,$I:$L,4,FALSE),VLOOKUP(AH58,$I:$L,4,TRUE)) -> 4.975 | AJ58: =AI58/AI57-1 -> 0.041884817 | AK58: =AI58/AI56-1 -> 0.11173184 | AQ58: {=_xlfn.IFS(MONTH(AR58)<4,1,MONTH(AR58)<7,2,MONTH(AR58)<10,3,MONTH(AR58)>9,4)&"Q"&RIGHT(YEAR(AR58),2)} -> 3Q19 | AR58: =EOMONTH(AS58,0) -> 43708 | AS58: 43696 | AU58: {=INDEX($CE$29:$CE$1449,MATCH($AR58,$CA$29:$CA$1449,0),)} -> 112.64 | AW58: {=INDEX($CF$29:$CF$1449,MATCH($AR58,$CA$29:$CA$1449,0),)} -> 230 | BQ58: {=_xlfn.IFS(MONTH(BR58)<4,1,MONTH(BR58)<7,2,MONTH(BR58)<10,3,MONTH(BR58)>9,4)&"Q"&RIGHT(YEAR(BR58),2)} -> 4Q18 | BR58: =EOMONTH(BS58,0) -> 43434 | BS58: =EOMONTH(BS57,1) -> 43434 | BT58: 7.44 | BU58: 7.06 | BV58: 7.19 | CA58: =EOMONTH(CA57,1) -> 43434 | CD58: 60 | CE58: 286.29 | CF58: 605 | CQ58: 3.3 | CR58: 2.8 | CZ58: =CD58/CD57-1 -> -0.016393443 | DA58: =CE58/CE57-1 -> -0.030018635 | DB58: =CF58/CF57-1 -> -0.024193548 | DM58: =CQ58/CQ57-1 -> -0.083333333 | DN58: =CR58/CR57-1 -> -0.066666667 | DQ58: =CE58/32 -> 8.9465625 | DR58: =CF58/64 -> 9.453125 | EA58: =LEFT(EA54,1)&"Q"&RIGHT(EA54,2)+1 -> 4Q24 | EB58: 37.136929 | ED58: 27.80083 | EE58: 15.703381 | EF58: 7.9064588 | EG58: 13.537118 | EH58: 24.265506 | EJ58: =EB58/EB57-1 -> -0.06807328 | EL58: =ED58/ED57-1 -> -0.069972238 | EM58: =EE58/EE57-1 -> -0.14397425 | EN58: =EF58/EF57-1 -> -0.14089576 | EO58: =EG58/EG57-1 -> -0.11511045 | EP58: =EH58/EH57-1 -> -0.14676168 | FV58: =YEAR(FX58) -> 2010 | FW58: =WEEKNUM(FX58) -> 46 | FX58: 40491 | FY58: 2.79 | FZ58: =FY58*4 -> 11.16 | GA58: =YEAR(GC58) -> 2011 | GB58: =WEEKNUM(GC58) -> 49 | GC58: 40875 | GD58: 0.94 | GE58: =GD58*4 -> 3.76 | GF58: =YEAR(GH58) -> 2013 | GG58: =WEEKNUM(GH58) -> 8 | GH58: 41324 | GI58: 2.43 | GJ58: =GI58*2 -> 4.86 | GK58: =YEAR(GM58) -> 2014 | GL58: =WEEKNUM(GM58) -> 12 | GM58: 41715 | GN58: 3.69 | GO58: =GN58*2 -> 7.38
C59: {=_xlfn.IFS(MONTH(D59)<4,1,MONTH(D59)<7,2,MONTH(D59)<10,3,MONTH(D59)>9,4)&"Q"&RIGHT(YEAR(D59),2)} -> 2Q16 | D59: =EOMONTH(E59,0) -> 42490 | E59: =+I59 -> 42468 | F59: =+L59/8 -> 0.586 | G59: =+M59/8 -> 0.3864 | I59: 42468 | J59: 4.98 | K59: 4.67 | L59: 4.688 | M59: 3.0912 | Q59: =L59/M59-1 -> 0.51656315 | AH59: =WORKDAY(AH58,6) -> 42678 | AI59: =IFERROR(VLOOKUP(AH59,$I:$L,4,FALSE),VLOOKUP(AH59,$I:$L,4,TRUE)) -> 5.09 | AJ59: =AI59/AI58-1 -> 0.023115578 | AK59: =AI59/AI57-1 -> 0.065968586 | AQ59: {=_xlfn.IFS(MONTH(AR59)<4,1,MONTH(AR59)<7,2,MONTH(AR59)<10,3,MONTH(AR59)>9,4)&"Q"&RIGHT(YEAR(AR59),2)} -> 3Q19 | AR59: =EOMONTH(AS59,0) -> 43708 | AS59: 43703 | AU59: {=INDEX($CE$29:$CE$1449,MATCH($AR59,$CA$29:$CA$1449,0),)} -> 112.64 | AW59: {=INDEX($CF$29:$CF$1449,MATCH($AR59,$CA$29:$CA$1449,0),)} -> 230 | BQ59: {=_xlfn.IFS(MONTH(BR59)<4,1,MONTH(BR59)<7,2,MONTH(BR59)<10,3,MONTH(BR59)>9,4)&"Q"&RIGHT(YEAR(BR59),2)} -> 4Q18 | BR59: =EOMONTH(BS59,0) -> 43465 | BS59: =EOMONTH(BS58,1) -> 43465 | BV59: 7.25 | CA59: =EOMONTH(CA58,1) -> 43465 | CD59: 60 | CE59: 280.57 | CF59: 580 | CQ59: 3.2 | CR59: 2.7 | CZ59: =CD59/CD58-1 -> 0 | DA59: =CE59/CE58-1 -> -0.019979741 | DB59: =CF59/CF58-1 -> -0.041322314 | DM59: =CQ59/CQ58-1 -> -0.03030303 | DN59: =CR59/CR58-1 -> -0.035714286 | DQ59: =CE59/32 -> 8.7678125 | DR59: =CF59/64 -> 9.0625 | EA59: =LEFT(EA55,1)&"Q"&RIGHT(EA55,2)+1 -> 1Q25 | EB59: 35.740741 | ED59: 26.876738 | EE59: 14.505283 | EF59: 7.0356473 | EG59: 12.34208 | EH59: 21.726479 | EJ59: =EB59/EB58-1 -> -0.037595696 | EL59: =ED59/ED58-1 -> -0.033239733 | EM59: =EE59/EE58-1 -> -0.076295496 | EN59: =EF59/EF58-1 -> -0.11013926 | EO59: =EG59/EG58-1 -> -0.088278629 | EP59: =EH59/EH58-1 -> -0.10463523 | FV59: =YEAR(FX59) -> 2010 | FW59: =WEEKNUM(FX59) -> 46 | FX59: 40492 | FY59: 2.73 | FZ59: =FY59*4 -> 10.92 | GA59: =YEAR(GC59) -> 2011 | GB59: =WEEKNUM(GC59) -> 51 | GC59: 40890 | GD59: 0.88 | GE59: =GD59*4 -> 3.52 | GF59: =YEAR(GH59) -> 2013 | GG59: =WEEKNUM(GH59) -> 8 | GH59: 41325 | GI59: 2.45 | GJ59: =GI59*2 -> 4.9 | GK59: =YEAR(GM59) -> 2014 | GL59: =WEEKNUM(GM59) -> 14 | GM59: 41729 | GN59: 3.63 | GO59: =GN59*2 -> 7.26
C60: {=_xlfn.IFS(MONTH(D60)<4,1,MONTH(D60)<7,2,MONTH(D60)<10,3,MONTH(D60)>9,4)&"Q"&RIGHT(YEAR(D60),2)} -> 2Q16 | D60: =EOMONTH(E60,0) -> 42490 | E60: =+I60 -> 42471 | F60: =+L60/8 -> 0.585875 | G60: =+M60/8 -> 0.3864 | I60: 42471 | J60: 5 | K60: 4.67 | L60: 4.687 | M60: 3.0912 | Q60: =L60/M60-1 -> 0.51623965 | AH60: =WORKDAY(AH59,6) -> 42688 | AI60: =IFERROR(VLOOKUP(AH60,$I:$L,4,FALSE),VLOOKUP(AH60,$I:$L,4,TRUE)) -> 5.16 | AJ60: =AI60/AI59-1 -> 0.013752456 | AK60: =AI60/AI58-1 -> 0.03718593 | AQ60: {=_xlfn.IFS(MONTH(AR60)<4,1,MONTH(AR60)<7,2,MONTH(AR60)<10,3,MONTH(AR60)>9,4)&"Q"&RIGHT(YEAR(AR60),2)} -> 3Q19 | AR60: =EOMONTH(AS60,0) -> 43738 | AS60: 43710 | AU60: {=INDEX($CE$29:$CE$1449,MATCH($AR60,$CA$29:$CA$1449,0),)} -> 110.38 | AW60: {=INDEX($CF$29:$CF$1449,MATCH($AR60,$CA$29:$CA$1449,0),)} -> 220 | BQ60: {=_xlfn.IFS(MONTH(BR60)<4,1,MONTH(BR60)<7,2,MONTH(BR60)<10,3,MONTH(BR60)>9,4)&"Q"&RIGHT(YEAR(BR60),2)} -> 1Q19 | BR60: =EOMONTH(BS60,0) -> 43496 | BS60: =EOMONTH(BS59,1) -> 43496 | BV60: 6 | CA60: =EOMONTH(CA59,1) -> 43496 | CD60: 50 | CE60: 232.87 | CF60: 475 | CQ60: 2.9 | CR60: 2.4 | CZ60: =CD60/CD59-1 -> -0.16666667 | DA60: =CE60/CE59-1 -> -0.17001105 | DB60: =CF60/CF59-1 -> -0.18103448 | DM60: =CQ60/CQ59-1 -> -0.09375 | DN60: =CR60/CR59-1 -> -0.11111111 | DQ60: =CE60/32 -> 7.2771875 | DR60: =CF60/64 -> 7.421875 | EA60: =LEFT(EA56,1)&"Q"&RIGHT(EA56,2)+1 -> 2Q25 | EB60: 38.636364 | ED60: 28.933566 | EE60: 15.087719 | EF60: 7.5683252 | EG60: 12.695652 | EH60: 22.4 | EJ60: =EB60/EB59-1 -> 0.081017428 | EL60: =ED60/ED59-1 -> 0.076528213 | EM60: =EE60/EE59-1 -> 0.040153364 | EN60: =EF60/EF59-1 -> 0.075711282 | EO60: =EG60/EG59-1 -> 0.028647723 | EP60: =EH60/EH59-1 -> 0.031 | FV60: =YEAR(FX60) -> 2010 | FW60: =WEEKNUM(FX60) -> 46 | FX60: 40493 | FY60: 2.69 | FZ60: =FY60*4 -> 10.76 | GA60: =YEAR(GC60) -> 2011 | GB60: =WEEKNUM(GC60) -> 53 | GC60: 40903 | GD60: 0.88 | GE60: =GD60*4 -> 3.52 | GF60: =YEAR(GH60) -> 2013 | GG60: =WEEKNUM(GH60) -> 8 | GH60: 41326 | GI60: 2.486 | GJ60: =GI60*2 -> 4.972 | GK60: =YEAR(GM60) -> 2014 | GL60: =WEEKNUM(GM60) -> 16 | GM60: 41743 | GN60: 3.5 | GO60: =GN60*2 -> 7
C61: {=_xlfn.IFS(MONTH(D61)<4,1,MONTH(D61)<7,2,MONTH(D61)<10,3,MONTH(D61)>9,4)&"Q"&RIGHT(YEAR(D61),2)} -> 2Q16 | D61: =EOMONTH(E61,0) -> 42490 | E61: =+I61 -> 42472 | F61: =+L61/8 -> 0.585875 | G61: =+M61/8 -> 0.3864 | I61: 42472 | J61: 5 | K61: 4.67 | L61: 4.687 | M61: 3.0912 | Q61: =L61/M61-1 -> 0.51623965 | AH61: =WORKDAY(AH60,6) -> 42696 | AI61: =IFERROR(VLOOKUP(AH61,$I:$L,4,FALSE),VLOOKUP(AH61,$I:$L,4,TRUE)) -> 5.23 | AJ61: =AI61/AI60-1 -> 0.013565891 | AK61: =AI61/AI59-1 -> 0.027504912 | AQ61: {=_xlfn.IFS(MONTH(AR61)<4,1,MONTH(AR61)<7,2,MONTH(AR61)<10,3,MONTH(AR61)>9,4)&"Q"&RIGHT(YEAR(AR61),2)} -> 3Q19 | AR61: =EOMONTH(AS61,0) -> 43738 | AS61: 43717 | AU61: {=INDEX($CE$29:$CE$1449,MATCH($AR61,$CA$29:$CA$1449,0),)} -> 110.38 | AW61: {=INDEX($CF$29:$CF$1449,MATCH($AR61,$CA$29:$CA$1449,0),)} -> 220 | BQ61: {=_xlfn.IFS(MONTH(BR61)<4,1,MONTH(BR61)<7,2,MONTH(BR61)<10,3,MONTH(BR61)>9,4)&"Q"&RIGHT(YEAR(BR61),2)} -> 1Q19 | BR61: =EOMONTH(BS61,0) -> 43524 | BS61: =EOMONTH(BS60,1) -> 43524 | BV61: 5.13 | CA61: =EOMONTH(CA60,1) -> 43524 | CD61: 43 | CE61: 209.58 | CF61: 420 | CQ61: 2.8 | CR61: 2.35 | CZ61: =CD61/CD60-1 -> -0.14 | DA61: =CE61/CE60-1 -> -0.10001288 | DB61: =CF61/CF60-1 -> -0.11578947 | DM61: =CQ61/CQ60-1 -> -0.034482759 | DN61: =CR61/CR60-1 -> -0.020833333 | DQ61: =CE61/32 -> 6.549375 | DR61: =CF61/64 -> 6.5625 | EA61: =LEFT(EA57,1)&"Q"&RIGHT(EA57,2)+1 -> 3Q25 | EB61: 44.002839 | ED61: 33.002129 | EE61: 20.881503 | EF61: 10.404624 | EG61: 14.663643 | EH61: 28.017884 | EJ61: =EB61/EB60-1 -> 0.13889701 | EL61: =ED61/ED60-1 -> 0.14061739 | EM61: =EE61/EE60-1 -> 0.38400659 | EN61: =EF61/EF60-1 -> 0.37475915 | EO61: =EG61/EG60-1 -> 0.15501299 | EP61: =EH61/EH60-1 -> 0.25079838 | FV61: =YEAR(FX61) -> 2010 | FW61: =WEEKNUM(FX61) -> 46 | FX61: 40494 | FY61: 2.55 | FZ61: =FY61*4 -> 10.2 | GA61: =YEAR(GC61) -> 2012 | GB61: =WEEKNUM(GC61) -> 2 | GC61: 40918 | GD61: 0.88 | GE61: =GD61*4 -> 3.52 | GF61: =YEAR(GH61) -> 2013 | GG61: =WEEKNUM(GH61) -> 8 | GH61: 41327 | GI61: 2.491 | GJ61: =GI61*2 -> 4.982 | GK61: =YEAR(GM61) -> 2014 | GL61: =WEEKNUM(GM61) -> 18 | GM61: 41759 | GN61: 3.5 | GO61: =GN61*2 -> 7
C62: {=_xlfn.IFS(MONTH(D62)<4,1,MONTH(D62)<7,2,MONTH(D62)<10,3,MONTH(D62)>9,4)&"Q"&RIGHT(YEAR(D62),2)} -> 2Q16 | D62: =EOMONTH(E62,0) -> 42490 | E62: =+I62 -> 42473 | F62: =+L62/8 -> 0.585875 | G62: =+M62/8 -> 0.3864 | I62: 42473 | J62: 5 | K62: 4.67 | L62: 4.687 | M62: 3.0912 | Q62: =L62/M62-1 -> 0.51623965 | AH62: =WORKDAY(AH61,6) -> 42704 | AI62: =IFERROR(VLOOKUP(AH62,$I:$L,4,FALSE),VLOOKUP(AH62,$I:$L,4,TRUE)) -> 5.2 | AJ62: =AI62/AI61-1 -> -0.0057361377 | AK62: =AI62/AI60-1 -> 0.007751938 | AQ62: {=_xlfn.IFS(MONTH(AR62)<4,1,MONTH(AR62)<7,2,MONTH(AR62)<10,3,MONTH(AR62)>9,4)&"Q"&RIGHT(YEAR(AR62),2)} -> 3Q19 | AR62: =EOMONTH(AS62,0) -> 43738 | AS62: 43724 | AU62: {=INDEX($CE$29:$CE$1449,MATCH($AR62,$CA$29:$CA$1449,0),)} -> 110.38 | AW62: {=INDEX($CF$29:$CF$1449,MATCH($AR62,$CA$29:$CA$1449,0),)} -> 220 | BQ62: {=_xlfn.IFS(MONTH(BR62)<4,1,MONTH(BR62)<7,2,MONTH(BR62)<10,3,MONTH(BR62)>9,4)&"Q"&RIGHT(YEAR(BR62),2)} -> 1Q19 | BR62: =EOMONTH(BS62,0) -> 43555 | BS62: =EOMONTH(BS61,1) -> 43555 | BV62: 4.56 | CA62: =EOMONTH(CA61,1) -> 43555 | CD62: 38.5 | CE62: 167.67 | CF62: 340 | CQ62: 2.52 | CR62: 2.1 | CZ62: =CD62/CD61-1 -> -0.10465116 | DA62: =CE62/CE61-1 -> -0.19997137 | DB62: =CF62/CF61-1 -> -0.19047619 | DM62: =CQ62/CQ61-1 -> -0.1 | DN62: =CR62/CR61-1 -> -0.10638298 | DQ62: =CE62/32 -> 5.2396875 | DR62: =CF62/64 -> 5.3125 | EA62: =LEFT(EA58,1)&"Q"&RIGHT(EA58,2)+1 -> 4Q25 | EB62: 63.943068 | ED62: 47.97048 | EE62: 31.466667 | EF62: 15.733333 | EG62: 20.901194 | EH62: 40.866703 | EJ62: =EB62/EB61-1 -> 0.45315779 | EL62: =ED62/ED61-1 -> 0.45355712 | EM62: =EE62/EE61-1 -> 0.5069158 | EN62: =EF62/EF61-1 -> 0.51214815 | EO62: =EG62/EG61-1 -> 0.42537526 | EP62: =EH62/EH61-1 -> 0.4585935 | FV62: =YEAR(FX62) -> 2010 | FW62: =WEEKNUM(FX62) -> 47 | FX62: 40497 | FY62: 2.54 | FZ62: =FY62*4 -> 10.16 | GA62: =YEAR(GC62) -> 2012 | GB62: =WEEKNUM(GC62) -> 5 | GC62: 40938 | GD62: 0.88 | GE62: =GD62*4 -> 3.52 | GF62: =YEAR(GH62) -> 2013 | GG62: =WEEKNUM(GH62) -> 9 | GH62: 41330 | GI62: 2.5 | GJ62: =GI62*2 -> 5 | GK62: =YEAR(GM62) -> 2014 | GL62: =WEEKNUM(GM62) -> 20 | GM62: 41774 | GN62: 3.5 | GO62: =GN62*2 -> 7
C63: {=_xlfn.IFS(MONTH(D63)<4,1,MONTH(D63)<7,2,MONTH(D63)<10,3,MONTH(D63)>9,4)&"Q"&RIGHT(YEAR(D63),2)} -> 2Q16 | D63: =EOMONTH(E63,0) -> 42490 | E63: =+I63 -> 42474 | F63: =+L63/8 -> 0.58575 | G63: =+M63/8 -> 0.3864 | I63: 42474 | J63: 5 | K63: 4.65 | L63: 4.686 | M63: 3.0912 | Q63: =L63/M63-1 -> 0.51591615 | AH63: =WORKDAY(AH62,6) -> 42712 | AI63: =IFERROR(VLOOKUP(AH63,$I:$L,4,FALSE),VLOOKUP(AH63,$I:$L,4,TRUE)) -> 5.4 | AJ63: =AI63/AI62-1 -> 0.038461538 | AK63: =AI63/AI61-1 -> 0.03250478 | AQ63: {=_xlfn.IFS(MONTH(AR63)<4,1,MONTH(AR63)<7,2,MONTH(AR63)<10,3,MONTH(AR63)>9,4)&"Q"&RIGHT(YEAR(AR63),2)} -> 3Q19 | AR63: =EOMONTH(AS63,0) -> 43738 | AS63: 43731 | AU63: {=INDEX($CE$29:$CE$1449,MATCH($AR63,$CA$29:$CA$1449,0),)} -> 110.38 | AW63: {=INDEX($CF$29:$CF$1449,MATCH($AR63,$CA$29:$CA$1449,0),)} -> 220 | BQ63: {=_xlfn.IFS(MONTH(BR63)<4,1,MONTH(BR63)<7,2,MONTH(BR63)<10,3,MONTH(BR63)>9,4)&"Q"&RIGHT(YEAR(BR63),2)} -> 2Q19 | BR63: =EOMONTH(BS63,0) -> 43585 | BS63: =EOMONTH(BS62,1) -> 43585 | BV63: 4 | CA63: =EOMONTH(CA62,1) -> 43585 | CD63: 34 | CE63: 152.58 | CF63: 320 | CQ63: 2.3 | CR63: 1.77 | CZ63: =CD63/CD62-1 -> -0.11688312 | DA63: =CE63/CE62-1 -> -0.089998211 | DB63: =CF63/CF62-1 -> -0.058823529 | DM63: =CQ63/CQ62-1 -> -0.087301587 | DN63: =CR63/CR62-1 -> -0.15714286 | DQ63: =CE63/32 -> 4.768125 | DR63: =CF63/64 -> 5 | EA63: =LEFT(EA59,1)&"Q"&RIGHT(EA59,2)+1 -> 1Q26 | EB63: 101.21816 | ED63: 76.082131 | EE63: 49.446709 | EF63: 24.67986 | EG63: 34.831971 | EH63: 65.653153 | EJ63: =EB63/EB62-1 -> 0.5829419 | EL63: =ED63/ED62-1 -> 0.58601981 | EM63: =EE63/EE62-1 -> 0.57139966 | EN63: =EF63/EF62-1 -> 0.56863519 | EO63: =EG63/EG62-1 -> 0.66650625 | EP63: =EH63/EH62-1 -> 0.60651944 | FV63: =YEAR(FX63) -> 2010 | FW63: =WEEKNUM(FX63) -> 47 | FX63: 40498 | FY63: 2.5 | FZ63: =FY63*4 -> 10 | GA63: =YEAR(GC63) -> 2012 | GB63: =WEEKNUM(GC63) -> 7 | GC63: 40953 | GD63: 0.94 | GE63: =GD63*4 -> 3.76 | GF63: =YEAR(GH63) -> 2013 | GG63: =WEEKNUM(GH63) -> 9 | GH63: 41331 | GI63: 2.51 | GJ63: =GI63*2 -> 5.02 | GK63: =YEAR(GM63) -> 2014 | GL63: =WEEKNUM(GM63) -> 22 | GM63: 41789 | GN63: 3.5 | GO63: =GN63*2 -> 7
C64: {=_xlfn.IFS(MONTH(D64)<4,1,MONTH(D64)<7,2,MONTH(D64)<10,3,MONTH(D64)>9,4)&"Q"&RIGHT(YEAR(D64),2)} -> 2Q16 | D64: =EOMONTH(E64,0) -> 42490 | E64: =+I64 -> 42475 | F64: =+L64/8 -> 0.58575 | G64: =+M64/8 -> 0.3864 | I64: 42475 | J64: 5 | K64: 4.65 | L64: 4.686 | M64: 3.0912 | Q64: =L64/M64-1 -> 0.51591615 | AH64: =WORKDAY(AH63,6) -> 42720 | AI64: =IFERROR(VLOOKUP(AH64,$I:$L,4,FALSE),VLOOKUP(AH64,$I:$L,4,TRUE)) -> 5.555 | AJ64: =AI64/AI63-1 -> 0.028703704 | AK64: =AI64/AI62-1 -> 0.068269231 | AQ64: {=_xlfn.IFS(MONTH(AR64)<4,1,MONTH(AR64)<7,2,MONTH(AR64)<10,3,MONTH(AR64)>9,4)&"Q"&RIGHT(YEAR(AR64),2)} -> 3Q19 | AR64: =EOMONTH(AS64,0) -> 43738 | AS64: 43738 | AU64: {=INDEX($CE$29:$CE$1449,MATCH($AR64,$CA$29:$CA$1449,0),)} -> 110.38 | AW64: {=INDEX($CF$29:$CF$1449,MATCH($AR64,$CA$29:$CA$1449,0),)} -> 220 | BQ64: {=_xlfn.IFS(MONTH(BR64)<4,1,MONTH(BR64)<7,2,MONTH(BR64)<10,3,MONTH(BR64)>9,4)&"Q"&RIGHT(YEAR(BR64),2)} -> 2Q19 | BR64: =EOMONTH(BS64,0) -> 43616 | BS64: =EOMONTH(BS63,1) -> 43616 | BV64: 3.75 | CA64: =EOMONTH(CA63,1) -> 43616 | CD64: 32 | CE64: 137.32 | CF64: 280 | CQ64: 2.11 | CR64: 1.66 | CZ64: =CD64/CD63-1 -> -0.058823529 | DA64: =CE64/CE63-1 -> -0.10001311 | DB64: =CF64/CF63-1 -> -0.125 | DM64: =CQ64/CQ63-1 -> -0.082608696 | DN64: =CR64/CR63-1 -> -0.062146893 | DQ64: =CE64/32 -> 4.29125 | DR64: =CF64/64 -> 4.375 | EA64: =LEFT(EA60,1)&"Q"&RIGHT(EA60,2)+1 -> 2Q26 | EB64: 182.8 | ED64: 137.1 | EE64: 84.9 | EF64: 42.4 | EG64: 76.7 | EH64: 116.6 | EJ64: 0.806 | EL64: 0.802 | EM64: 0.717 | EN64: 0.718 | EO64: 1.202 | EP64: 0.776 | FV64: =YEAR(FX64) -> 2010 | FW64: =WEEKNUM(FX64) -> 47 | FX64: 40499 | FY64: 2.5 | FZ64: =FY64*4 -> 10 | GA64: =YEAR(GC64) -> 2012 | GB64: =WEEKNUM(GC64) -> 8 | GC64: 40962 | GD64: 0.94 | GE64: =GD64*4 -> 3.76 | GF64: =YEAR(GH64) -> 2013 | GG64: =WEEKNUM(GH64) -> 9 | GH64: 41332 | GI64: 2.52 | GJ64: =GI64*2 -> 5.04 | GK64: =YEAR(GM64) -> 2014 | GL64: =WEEKNUM(GM64) -> 24 | GM64: 41803 | GN64: 3.5 | GO64: =GN64*2 -> 7
C65: {=_xlfn.IFS(MONTH(D65)<4,1,MONTH(D65)<7,2,MONTH(D65)<10,3,MONTH(D65)>9,4)&"Q"&RIGHT(YEAR(D65),2)} -> 2Q16 | D65: =EOMONTH(E65,0) -> 42490 | E65: =+I65 -> 42478 | F65: =+L65/8 -> 0.58575 | G65: =+M65/8 -> 0.3864 | I65: 42478 | J65: 5 | K65: 4.65 | L65: 4.686 | M65: 3.0912 | Q65: =L65/M65-1 -> 0.51591615 | AH65: =WORKDAY(AH64,6) -> 42730 | AI65: =IFERROR(VLOOKUP(AH65,$I:$L,4,FALSE),VLOOKUP(AH65,$I:$L,4,TRUE)) -> 5.675 | AJ65: =AI65/AI64-1 -> 0.02160216 | AK65: =AI65/AI63-1 -> 0.050925926 | AQ65: {=_xlfn.IFS(MONTH(AR65)<4,1,MONTH(AR65)<7,2,MONTH(AR65)<10,3,MONTH(AR65)>9,4)&"Q"&RIGHT(YEAR(AR65),2)} -> 4Q19 | AR65: =EOMONTH(AS65,0) -> 43769 | AS65: 43745 | AU65: {=INDEX($CE$29:$CE$1449,MATCH($AR65,$CA$29:$CA$1449,0),)} -> 108.18 | AW65: {=INDEX($CF$29:$CF$1449,MATCH($AR65,$CA$29:$CA$1449,0),)} -> 215 | BQ65: {=_xlfn.IFS(MONTH(BR65)<4,1,MONTH(BR65)<7,2,MONTH(BR65)<10,3,MONTH(BR65)>9,4)&"Q"&RIGHT(YEAR(BR65),2)} -> 2Q19 | BR65: =EOMONTH(BS65,0) -> 43646 | BS65: =EOMONTH(BS64,1) -> 43646 | BV65: 3.31 | CA65: =EOMONTH(CA64,1) -> 43646 | CD65: 28.5 | CE65: 123.59 | CF65: 265 | CQ65: 1.87 | CR65: 1.57 | CZ65: =CD65/CD64-1 -> -0.109375 | DA65: =CE65/CE64-1 -> -0.099985435 | DB65: =CF65/CF64-1 -> -0.053571429 | DM65: =CQ65/CQ64-1 -> -0.11374408 | DN65: =CR65/CR64-1 -> -0.054216867 | DQ65: =CE65/32 -> 3.8621875 | DR65: =CF65/64 -> 4.140625 | FV65: =YEAR(FX65) -> 2010 | FW65: =WEEKNUM(FX65) -> 47 | FX65: 40500 | FY65: 2.42 | FZ65: =FY65*4 -> 9.68 | GA65: =YEAR(GC65) -> 2012 | GB65: =WEEKNUM(GC65) -> 10 | GC65: 40976 | GD65: 1 | GE65: =GD65*4 -> 4 | GF65: =YEAR(GH65) -> 2013 | GG65: =WEEKNUM(GH65) -> 9 | GH65: 41333 | GI65: 2.53 | GJ65: =GI65*2 -> 5.06 | GK65: =YEAR(GM65) -> 2014 | GL65: =WEEKNUM(GM65) -> 26 | GM65: 41817 | GN65: 3.5 | GO65: =GN65*2 -> 7
C66: {=_xlfn.IFS(MONTH(D66)<4,1,MONTH(D66)<7,2,MONTH(D66)<10,3,MONTH(D66)>9,4)&"Q"&RIGHT(YEAR(D66),2)} -> 2Q16 | D66: =EOMONTH(E66,0) -> 42490 | E66: =+I66 -> 42479 | F66: =+L66/8 -> 0.585625 | G66: =+M66/8 -> 0.3864 | I66: 42479 | J66: 4.98 | K66: 4.65 | L66: 4.685 | M66: 3.0912 | Q66: =L66/M66-1 -> 0.51559265 | AH66: =WORKDAY(AH65,6) -> 42738 | AI66: =IFERROR(VLOOKUP(AH66,$I:$L,4,FALSE),VLOOKUP(AH66,$I:$L,4,TRUE)) -> 5.728 | AJ66: =AI66/AI65-1 -> 0.009339207 | AK66: =AI66/AI64-1 -> 0.031143114 | AQ66: {=_xlfn.IFS(MONTH(AR66)<4,1,MONTH(AR66)<7,2,MONTH(AR66)<10,3,MONTH(AR66)>9,4)&"Q"&RIGHT(YEAR(AR66),2)} -> 4Q19 | AR66: =EOMONTH(AS66,0) -> 43769 | AS66: 43752 | AU66: {=INDEX($CE$29:$CE$1449,MATCH($AR66,$CA$29:$CA$1449,0),)} -> 108.18 | AW66: {=INDEX($CF$29:$CF$1449,MATCH($AR66,$CA$29:$CA$1449,0),)} -> 215 | BQ66: {=_xlfn.IFS(MONTH(BR66)<4,1,MONTH(BR66)<7,2,MONTH(BR66)<10,3,MONTH(BR66)>9,4)&"Q"&RIGHT(YEAR(BR66),2)} -> 3Q19 | BR66: =EOMONTH(BS66,0) -> 43677 | BS66: =EOMONTH(BS65,1) -> 43677 | BV66: 2.94 | CA66: =EOMONTH(CA65,1) -> 43677 | CD66: 25.5 | CE66: 114.94 | CF66: 240 | CQ66: 1.8 | CR66: 1.55 | CZ66: =CD66/CD65-1 -> -0.10526316 | DA66: =CE66/CE65-1 -> -0.069989481 | DB66: =CF66/CF65-1 -> -0.094339623 | DM66: =CQ66/CQ65-1 -> -0.037433155 | DN66: =CR66/CR65-1 -> -0.012738854 | DQ66: =CE66/32 -> 3.591875 | DR66: =CF66/64 -> 3.75 | FV66: =YEAR(FX66) -> 2010 | FW66: =WEEKNUM(FX66) -> 47 | FX66: 40501 | FY66: 2.4 | FZ66: =FY66*4 -> 9.6 | GA66: =YEAR(GC66) -> 2012 | GB66: =WEEKNUM(GC66) -> 12 | GC66: 40991 | GD66: 1.03 | GE66: =GD66*4 -> 4.12 | GF66: =YEAR(GH66) -> 2013 | GG66: =WEEKNUM(GH66) -> 9 | GH66: 41334 | GI66: 2.54 | GJ66: =GI66*2 -> 5.08 | GK66: =YEAR(GM66) -> 2014 | GL66: =WEEKNUM(GM66) -> 29 | GM66: 41835 | GN66: 3.5 | GO66: =GN66*2 -> 7
C67: {=_xlfn.IFS(MONTH(D67)<4,1,MONTH(D67)<7,2,MONTH(D67)<10,3,MONTH(D67)>9,4)&"Q"&RIGHT(YEAR(D67),2)} -> 2Q16 | D67: =EOMONTH(E67,0) -> 42490 | E67: =+I67 -> 42480 | F67: =+L67/8 -> 0.585625 | G67: =+M67/8 -> 0.3864 | I67: 42480 | J67: 4.97 | K67: 4.65 | L67: 4.685 | M67: 3.0912 | Q67: =L67/M67-1 -> 0.51559265 | AH67: =WORKDAY(AH66,6) -> 42746 | AI67: =IFERROR(VLOOKUP(AH67,$I:$L,4,FALSE),VLOOKUP(AH67,$I:$L,4,TRUE)) -> 6.175 | AJ67: =AI67/AI66-1 -> 0.078037709 | AK67: =AI67/AI65-1 -> 0.088105727 | AQ67: {=_xlfn.IFS(MONTH(AR67)<4,1,MONTH(AR67)<7,2,MONTH(AR67)<10,3,MONTH(AR67)>9,4)&"Q"&RIGHT(YEAR(AR67),2)} -> 4Q19 | AR67: =EOMONTH(AS67,0) -> 43769 | AS67: 43759 | AU67: {=INDEX($CE$29:$CE$1449,MATCH($AR67,$CA$29:$CA$1449,0),)} -> 108.18 | AW67: {=INDEX($CF$29:$CF$1449,MATCH($AR67,$CA$29:$CA$1449,0),)} -> 215 | BQ67: {=_xlfn.IFS(MONTH(BR67)<4,1,MONTH(BR67)<7,2,MONTH(BR67)<10,3,MONTH(BR67)>9,4)&"Q"&RIGHT(YEAR(BR67),2)} -> 3Q19 | BR67: =EOMONTH(BS67,0) -> 43708 | BS67: =EOMONTH(BS66,1) -> 43708 | BV67: 2.94 | CA67: =EOMONTH(CA66,1) -> 43708 | CD67: 25.5 | CE67: 112.64 | CF67: 230 | CQ67: 1.85 | CR67: 1.59 | CZ67: =CD67/CD66-1 -> 0 | DA67: =CE67/CE66-1 -> -0.02001044 | DB67: =CF67/CF66-1 -> -0.041666667 | DM67: =CQ67/CQ66-1 -> 0.027777778 | DN67: =CR67/CR66-1 -> 0.025806452 | DQ67: =CE67/32 -> 3.52 | DR67: =CF67/64 -> 3.59375 | FV67: =YEAR(FX67) -> 2010 | FW67: =WEEKNUM(FX67) -> 48 | FX67: 40504 | FY67: 2.4 | FZ67: =FY67*4 -> 9.6 | GA67: =YEAR(GC67) -> 2012 | GB67: =WEEKNUM(GC67) -> 16 | GC67: 41019 | GD67: 1.11 | GE67: =GD67*4 -> 4.44 | GF67: =YEAR(GH67) -> 2013 | GG67: =WEEKNUM(GH67) -> 10 | GH67: 41337 | GI67: 2.7 | GJ67: =GI67*2 -> 5.4 | GK67: =YEAR(GM67) -> 2014 | GL67: =WEEKNUM(GM67) -> 31 | GM67: 41850 | GN67: 3.69 | GO67: =GN67*2 -> 7.38
C68: {=_xlfn.IFS(MONTH(D68)<4,1,MONTH(D68)<7,2,MONTH(D68)<10,3,MONTH(D68)>9,4)&"Q"&RIGHT(YEAR(D68),2)} -> 2Q16 | D68: =EOMONTH(E68,0) -> 42490 | E68: =+I68 -> 42481 | F68: =+L68/8 -> 0.5855 | G68: =+M68/8 -> 0.3864 | I68: 42481 | J68: 4.97 | K68: 4.65 | L68: 4.684 | M68: 3.0912 | Q68: =L68/M68-1 -> 0.51526915 | AH68: =WORKDAY(AH67,6) -> 42754 | AI68: =IFERROR(VLOOKUP(AH68,$I:$L,4,FALSE),VLOOKUP(AH68,$I:$L,4,TRUE)) -> 6.55 | AJ68: =AI68/AI67-1 -> 0.060728745 | AK68: =AI68/AI66-1 -> 0.14350559 | AQ68: {=_xlfn.IFS(MONTH(AR68)<4,1,MONTH(AR68)<7,2,MONTH(AR68)<10,3,MONTH(AR68)>9,4)&"Q"&RIGHT(YEAR(AR68),2)} -> 4Q19 | AR68: =EOMONTH(AS68,0) -> 43769 | AS68: 43766 | AU68: {=INDEX($CE$29:$CE$1449,MATCH($AR68,$CA$29:$CA$1449,0),)} -> 108.18 | AW68: {=INDEX($CF$29:$CF$1449,MATCH($AR68,$CA$29:$CA$1449,0),)} -> 215 | BQ68: {=_xlfn.IFS(MONTH(BR68)<4,1,MONTH(BR68)<7,2,MONTH(BR68)<10,3,MONTH(BR68)>9,4)&"Q"&RIGHT(YEAR(BR68),2)} -> 3Q19 | BR68: =EOMONTH(BS68,0) -> 43738 | BS68: =EOMONTH(BS67,1) -> 43738 | BV68: 2.94 | CA68: =EOMONTH(CA67,1) -> 43738 | CD68: 25.5 | CE68: 110.38 | CF68: 220 | CQ68: 1.74 | CR68: 1.55 | CZ68: =CD68/CD67-1 -> 0 | DA68: =CE68/CE67-1 -> -0.02006392 | DB68: =CF68/CF67-1 -> -0.043478261 | DM68: =CQ68/CQ67-1 -> -0.059459459 | DN68: =CR68/CR67-1 -> -0.025157233 | DQ68: =CE68/32 -> 3.449375 | DR68: =CF68/64 -> 3.4375 | FV68: =YEAR(FX68) -> 2010 | FW68: =WEEKNUM(FX68) -> 48 | FX68: 40505 | FY68: 2.39 | FZ68: =FY68*4 -> 9.56 | GA68: =YEAR(GC68) -> 2012 | GB68: =WEEKNUM(GC68) -> 18 | GC68: 41029 | GD68: 1.11 | GE68: =GD68*4 -> 4.44 | GF68: =YEAR(GH68) -> 2013 | GG68: =WEEKNUM(GH68) -> 10 | GH68: 41338 | GI68: 2.914 | GJ68: =GI68*2 -> 5.828 | GK68: =YEAR(GM68) -> 2014 | GL68: =WEEKNUM(GM68) -> 33 | GM68: 41864 | GN68: 3.69 | GO68: =GN68*2 -> 7.38
C69: {=_xlfn.IFS(MONTH(D69)<4,1,MONTH(D69)<7,2,MONTH(D69)<10,3,MONTH(D69)>9,4)&"Q"&RIGHT(YEAR(D69),2)} -> 2Q16 | D69: =EOMONTH(E69,0) -> 42490 | E69: =+I69 -> 42482 | F69: =+L69/8 -> 0.5855 | G69: =+M69/8 -> 0.3864 | I69: 42482 | J69: 4.97 | K69: 4.65 | L69: 4.684 | M69: 3.0912 | Q69: =L69/M69-1 -> 0.51526915 | AH69: =WORKDAY(AH68,6) -> 42762 | AI69: =IFERROR(VLOOKUP(AH69,$I:$L,4,FALSE),VLOOKUP(AH69,$I:$L,4,TRUE)) -> 6.755 | AJ69: =AI69/AI68-1 -> 0.03129771 | AK69: =AI69/AI67-1 -> 0.093927126 | AQ69: {=_xlfn.IFS(MONTH(AR69)<4,1,MONTH(AR69)<7,2,MONTH(AR69)<10,3,MONTH(AR69)>9,4)&"Q"&RIGHT(YEAR(AR69),2)} -> 4Q19 | AR69: =EOMONTH(AS69,0) -> 43799 | AS69: 43773 | AU69: {=INDEX($CE$29:$CE$1449,MATCH($AR69,$CA$29:$CA$1449,0),)} -> 106.01 | AW69: {=INDEX($CF$29:$CF$1449,MATCH($AR69,$CA$29:$CA$1449,0),)} -> 215 | BQ69: {=_xlfn.IFS(MONTH(BR69)<4,1,MONTH(BR69)<7,2,MONTH(BR69)<10,3,MONTH(BR69)>9,4)&"Q"&RIGHT(YEAR(BR69),2)} -> 4Q19 | BR69: =EOMONTH(BS69,0) -> 43769 | BS69: =EOMONTH(BS68,1) -> 43769 | BV69: 2.81 | CA69: =EOMONTH(CA68,1) -> 43769 | CD69: 24.5 | CE69: 108.18 | CF69: 215 | CQ69: 1.68 | CR69: 1.5 | CZ69: =CD69/CD68-1 -> -0.039215686 | DA69: =CE69/CE68-1 -> -0.019931147 | DB69: =CF69/CF68-1 -> -0.022727273 | DM69: =CQ69/CQ68-1 -> -0.034482759 | DN69: =CR69/CR68-1 -> -0.032258065 | DQ69: =CE69/32 -> 3.380625 | DR69: =CF69/64 -> 3.359375 | FV69: =YEAR(FX69) -> 2010 | FW69: =WEEKNUM(FX69) -> 48 | FX69: 40506 | FY69: 2.37 | FZ69: =FY69*4 -> 9.48 | GA69: =YEAR(GC69) -> 2012 | GB69: =WEEKNUM(GC69) -> 21 | GC69: 41052 | GD69: 1.17 | GE69: =GD69*4 -> 4.68 | GF69: =YEAR(GH69) -> 2013 | GG69: =WEEKNUM(GH69) -> 10 | GH69: 41339 | GI69: 3.023 | GJ69: =GI69*2 -> 6.046 | GK69: =YEAR(GM69) -> 2014 | GL69: =WEEKNUM(GM69) -> 35 | GM69: 41879 | GN69: 3.69 | GO69: =GN69*2 -> 7.38
C70: {=_xlfn.IFS(MONTH(D70)<4,1,MONTH(D70)<7,2,MONTH(D70)<10,3,MONTH(D70)>9,4)&"Q"&RIGHT(YEAR(D70),2)} -> 2Q16 | D70: =EOMONTH(E70,0) -> 42490 | E70: =+I70 -> 42485 | F70: =+L70/8 -> 0.585 | G70: =+M70/8 -> 0.3864 | I70: 42485 | J70: 4.97 | K70: 4.65 | L70: 4.68 | M70: 3.0912 | Q70: =L70/M70-1 -> 0.51397516 | AH70: =WORKDAY(AH69,6) -> 42772 | AI70: =IFERROR(VLOOKUP(AH70,$I:$L,4,FALSE),VLOOKUP(AH70,$I:$L,4,TRUE)) -> 6.916 | AJ70: =AI70/AI69-1 -> 0.023834197 | AK70: =AI70/AI68-1 -> 0.055877863 | AQ70: {=_xlfn.IFS(MONTH(AR70)<4,1,MONTH(AR70)<7,2,MONTH(AR70)<10,3,MONTH(AR70)>9,4)&"Q"&RIGHT(YEAR(AR70),2)} -> 4Q19 | AR70: =EOMONTH(AS70,0) -> 43799 | AS70: 43780 | AU70: {=INDEX($CE$29:$CE$1449,MATCH($AR70,$CA$29:$CA$1449,0),)} -> 106.01 | AW70: {=INDEX($CF$29:$CF$1449,MATCH($AR70,$CA$29:$CA$1449,0),)} -> 215 | BQ70: {=_xlfn.IFS(MONTH(BR70)<4,1,MONTH(BR70)<7,2,MONTH(BR70)<10,3,MONTH(BR70)>9,4)&"Q"&RIGHT(YEAR(BR70),2)} -> 4Q19 | BR70: =EOMONTH(BS70,0) -> 43799 | BS70: =EOMONTH(BS69,1) -> 43799 | BV70: 2.81 | CA70: =EOMONTH(CA69,1) -> 43799 | CD70: 24.5 | CE70: 106.01 | CF70: 215 | CQ70: 1.65 | CR70: 1.48 | CZ70: =CD70/CD69-1 -> 0 | DA70: =CE70/CE69-1 -> -0.020059161 | DB70: =CF70/CF69-1 -> 0 | DM70: =CQ70/CQ69-1 -> -0.017857143 | DN70: =CR70/CR69-1 -> -0.013333333 | DQ70: =CE70/32 -> 3.3128125 | DR70: =CF70/64 -> 3.359375 | FV70: =YEAR(FX70) -> 2010 | FW70: =WEEKNUM(FX70) -> 48 | FX70: 40507 | FY70: 2.32 | FZ70: =FY70*4 -> 9.28 | GA70: =YEAR(GC70) -> 2012 | GB70: =WEEKNUM(GC70) -> 22 | GC70: 41060 | GD70: 1.17 | GE70: =GD70*4 -> 4.68 | GF70: =YEAR(GH70) -> 2013 | GG70: =WEEKNUM(GH70) -> 10 | GH70: 41340 | GI70: 3.064 | GJ70: =GI70*2 -> 6.128 | GK70: =YEAR(GM70) -> 2014 | GL70: =WEEKNUM(GM70) -> 38 | GM70: 41897 | GN70: 3.69 | GO70: =GN70*2 -> 7.38
C71: {=_xlfn.IFS(MONTH(D71)<4,1,MONTH(D71)<7,2,MONTH(D71)<10,3,MONTH(D71)>9,4)&"Q"&RIGHT(YEAR(D71),2)} -> 2Q16 | D71: =EOMONTH(E71,0) -> 42490 | E71: =+I71 -> 42486 | F71: =+L71/8 -> 0.5845 | G71: =+M71/8 -> 0.3864 | I71: 42486 | J71: 4.97 | K71: 4.65 | L71: 4.676 | M71: 3.0912 | Q71: =L71/M71-1 -> 0.51268116 | AH71: =WORKDAY(AH70,6) -> 42780 | AI71: =IFERROR(VLOOKUP(AH71,$I:$L,4,FALSE),VLOOKUP(AH71,$I:$L,4,TRUE)) -> 6.927 | AJ71: =AI71/AI70-1 -> 0.0015905147 | AK71: =AI71/AI69-1 -> 0.02546262 | AQ71: {=_xlfn.IFS(MONTH(AR71)<4,1,MONTH(AR71)<7,2,MONTH(AR71)<10,3,MONTH(AR71)>9,4)&"Q"&RIGHT(YEAR(AR71),2)} -> 4Q19 | AR71: =EOMONTH(AS71,0) -> 43799 | AS71: 43787 | AU71: {=INDEX($CE$29:$CE$1449,MATCH($AR71,$CA$29:$CA$1449,0),)} -> 106.01 | AW71: {=INDEX($CF$29:$CF$1449,MATCH($AR71,$CA$29:$CA$1449,0),)} -> 215 | BQ71: {=_xlfn.IFS(MONTH(BR71)<4,1,MONTH(BR71)<7,2,MONTH(BR71)<10,3,MONTH(BR71)>9,4)&"Q"&RIGHT(YEAR(BR71),2)} -> 4Q19 | BR71: =EOMONTH(BS71,0) -> 43830 | BS71: =EOMONTH(BS70,1) -> 43830 | BV71: 2.81 | CA71: =EOMONTH(CA70,1) -> 43830 | CD71: 24.5 | CE71: 106.01 | CF71: 215 | CQ71: 1.65 | CR71: 1.48 | CZ71: =CD71/CD70-1 -> 0 | DA71: =CE71/CE70-1 -> 0 | DB71: =CF71/CF70-1 -> 0 | DM71: =CQ71/CQ70-1 -> 0 | DN71: =CR71/CR70-1 -> 0 | DQ71: =CE71/32 -> 3.3128125 | DR71: =CF71/64 -> 3.359375 | FV71: =YEAR(FX71) -> 2010 | FW71: =WEEKNUM(FX71) -> 48 | FX71: 40508 | FY71: 2.3 | FZ71: =FY71*4 -> 9.2 | GA71: =YEAR(GC71) -> 2012 | GB71: =WEEKNUM(GC71) -> 24 | GC71: 41075 | GD71: 1.17 | GE71: =GD71*4 -> 4.68 | GF71: =YEAR(GH71) -> 2013 | GG71: =WEEKNUM(GH71) -> 10 | GH71: 41341 | GI71: 3.223 | GJ71: =GI71*2 -> 6.446 | GK71: =YEAR(GM71) -> 2014 | GL71: =WEEKNUM(GM71) -> 40 | GM71: 41912 | GN71: 3.69 | GO71: =GN71*2 -> 7.38
C72: {=_xlfn.IFS(MONTH(D72)<4,1,MONTH(D72)<7,2,MONTH(D72)<10,3,MONTH(D72)>9,4)&"Q"&RIGHT(YEAR(D72),2)} -> 2Q16 | D72: =EOMONTH(E72,0) -> 42490 | E72: =+I72 -> 42487 | F72: =+L72/8 -> 0.5845 | G72: =+M72/8 -> 0.3864 | I72: 42487 | J72: 4.97 | K72: 4.65 | L72: 4.676 | M72: 3.0912 | Q72: =L72/M72-1 -> 0.51268116 | AH72: =WORKDAY(AH71,6) -> 42788 | AI72: =IFERROR(VLOOKUP(AH72,$I:$L,4,FALSE),VLOOKUP(AH72,$I:$L,4,TRUE)) -> 6.892 | AJ72: =AI72/AI71-1 -> -0.0050526924 | AK72: =AI72/AI70-1 -> -0.003470214 | AQ72: {=_xlfn.IFS(MONTH(AR72)<4,1,MONTH(AR72)<7,2,MONTH(AR72)<10,3,MONTH(AR72)>9,4)&"Q"&RIGHT(YEAR(AR72),2)} -> 4Q19 | AR72: =EOMONTH(AS72,0) -> 43799 | AS72: 43794 | AU72: {=INDEX($CE$29:$CE$1449,MATCH($AR72,$CA$29:$CA$1449,0),)} -> 106.01 | AW72: {=INDEX($CF$29:$CF$1449,MATCH($AR72,$CA$29:$CA$1449,0),)} -> 215 | BQ72: {=_xlfn.IFS(MONTH(BR72)<4,1,MONTH(BR72)<7,2,MONTH(BR72)<10,3,MONTH(BR72)>9,4)&"Q"&RIGHT(YEAR(BR72),2)} -> 1Q20 | BR72: =EOMONTH(BS72,0) -> 43861 | BS72: =EOMONTH(BS71,1) -> 43861 | BV72: 2.84 | CA72: =EOMONTH(CA71,1) -> 43861 | CD72: 24.7 | CE72: 109 | CF72: 217 | CQ72: 1.68 | CR72: 1.51 | CZ72: =CD72/CD71-1 -> 0.0081632653 | DA72: =CE72/CE71-1 -> 0.028204886 | DB72: =CF72/CF71-1 -> 0.0093023256 | DM72: =CQ72/CQ71-1 -> 0.018181818 | DN72: =CR72/CR71-1 -> 0.02027027 | DQ72: =CE72/32 -> 3.40625 | DR72: =CF72/64 -> 3.390625 | FV72: =YEAR(FX72) -> 2010 | FW72: =WEEKNUM(FX72) -> 49 | FX72: 40511 | FY72: 2.29 | FZ72: =FY72*4 -> 9.16 | GA72: =YEAR(GC72) -> 2012 | GB72: =WEEKNUM(GC72) -> 26 | GC72: 41089 | GD72: 1.17 | GE72: =GD72*4 -> 4.68 | GF72: =YEAR(GH72) -> 2013 | GG72: =WEEKNUM(GH72) -> 11 | GH72: 41344 | GI72: 3.436 | GJ72: =GI72*2 -> 6.872 | GK72: =YEAR(GM72) -> 2014 | GL72: =WEEKNUM(GM72) -> 42 | GM72: 41926 | GN72: 3.78 | GO72: =GN72*2 -> 7.56
C73: {=_xlfn.IFS(MONTH(D73)<4,1,MONTH(D73)<7,2,MONTH(D73)<10,3,MONTH(D73)>9,4)&"Q"&RIGHT(YEAR(D73),2)} -> 2Q16 | D73: =EOMONTH(E73,0) -> 42490 | E73: =+I73 -> 42488 | F73: =+L73/8 -> 0.584375 | G73: =+M73/8 -> 0.3864 | I73: 42488 | J73: 4.97 | K73: 4.65 | L73: 4.675 | M73: 3.0912 | Q73: =L73/M73-1 -> 0.51235766 | AH73: =WORKDAY(AH72,6) -> 42796 | AI73: =IFERROR(VLOOKUP(AH73,$I:$L,4,FALSE),VLOOKUP(AH73,$I:$L,4,TRUE)) -> 6.849 | AJ73: =AI73/AI72-1 -> -0.0062391178 | AK73: =AI73/AI71-1 -> -0.011260286 | AQ73: {=_xlfn.IFS(MONTH(AR73)<4,1,MONTH(AR73)<7,2,MONTH(AR73)<10,3,MONTH(AR73)>9,4)&"Q"&RIGHT(YEAR(AR73),2)} -> 4Q19 | AR73: =EOMONTH(AS73,0) -> 43830 | AS73: 43801 | AU73: {=INDEX($CE$29:$CE$1449,MATCH($AR73,$CA$29:$CA$1449,0),)} -> 106.01 | AW73: {=INDEX($CF$29:$CF$1449,MATCH($AR73,$CA$29:$CA$1449,0),)} -> 215 | BQ73: {=_xlfn.IFS(MONTH(BR73)<4,1,MONTH(BR73)<7,2,MONTH(BR73)<10,3,MONTH(BR73)>9,4)&"Q"&RIGHT(YEAR(BR73),2)} -> 1Q20 | BR73: =EOMONTH(BS73,0) -> 43890 | BS73: =EOMONTH(BS72,1) -> 43890 | BV73: 2.88 | CA73: =EOMONTH(CA72,1) -> 43890 | CD73: 25 | CE73: 115.54 | CF73: 230.84 | CQ73: 1.76 | CR73: 1.6 | CZ73: =CD73/CD72-1 -> 0.012145749 | DA73: =CE73/CE72-1 -> 0.06 | DB73: =CF73/CF72-1 -> 0.063778802 | DM73: =CQ73/CQ72-1 -> 0.047619048 | DN73: =CR73/CR72-1 -> 0.059602649 | DQ73: =CE73/32 -> 3.610625 | DR73: =CF73/64 -> 3.606875 | FV73: =YEAR(FX73) -> 2010 | FW73: =WEEKNUM(FX73) -> 49 | FX73: 40512 | FY73: 2.29 | FZ73: =FY73*4 -> 9.16 | GA73: =YEAR(GC73) -> 2012 | GB73: =WEEKNUM(GC73) -> 29 | GC73: 41106 | GD73: 1.11 | GE73: =GD73*4 -> 4.44 | GF73: =YEAR(GH73) -> 2013 | GG73: =WEEKNUM(GH73) -> 11 | GH73: 41345 | GI73: 3.473 | GJ73: =GI73*2 -> 6.946 | GK73: =YEAR(GM73) -> 2014 | GL73: =WEEKNUM(GM73) -> 44 | GM73: 41942 | GN73: 3.78 | GO73: =GN73*2 -> 7.56
C74: {=_xlfn.IFS(MONTH(D74)<4,1,MONTH(D74)<7,2,MONTH(D74)<10,3,MONTH(D74)>9,4)&"Q"&RIGHT(YEAR(D74),2)} -> 2Q16 | D74: =EOMONTH(E74,0) -> 42490 | E74: =+I74 -> 42489 | F74: =+L74/8 -> 0.584375 | G74: =+M74/8 -> 0.3864 | I74: 42489 | J74: 4.97 | K74: 4.65 | L74: 4.675 | M74: 3.0912 | Q74: =L74/M74-1 -> 0.51235766 | AH74: =WORKDAY(AH73,6) -> 42804 | AI74: =IFERROR(VLOOKUP(AH74,$I:$L,4,FALSE),VLOOKUP(AH74,$I:$L,4,TRUE)) -> 6.886 | AJ74: =AI74/AI73-1 -> 0.0054022485 | AK74: =AI74/AI72-1 -> -0.00087057458 | AQ74: {=_xlfn.IFS(MONTH(AR74)<4,1,MONTH(AR74)<7,2,MONTH(AR74)<10,3,MONTH(AR74)>9,4)&"Q"&RIGHT(YEAR(AR74),2)} -> 4Q19 | AR74: =EOMONTH(AS74,0) -> 43830 | AS74: 43808 | AU74: {=INDEX($CE$29:$CE$1449,MATCH($AR74,$CA$29:$CA$1449,0),)} -> 106.01 | AW74: {=INDEX($CF$29:$CF$1449,MATCH($AR74,$CA$29:$CA$1449,0),)} -> 215 | BQ74: {=_xlfn.IFS(MONTH(BR74)<4,1,MONTH(BR74)<7,2,MONTH(BR74)<10,3,MONTH(BR74)>9,4)&"Q"&RIGHT(YEAR(BR74),2)} -> 1Q20 | BR74: =EOMONTH(BS74,0) -> 43921 | BS74: =EOMONTH(BS73,1) -> 43921 | BV74: 2.94 | CA74: =EOMONTH(CA73,1) -> 43921 | CD74: 25.5 | CE74: 121.32 | CF74: 244.45 | CQ74: 1.85 | CR74: 1.65 | CZ74: =CD74/CD73-1 -> 0.02 | DA74: =CE74/CE73-1 -> 0.050025965 | DB74: =CF74/CF73-1 -> 0.058958586 | DM74: =CQ74/CQ73-1 -> 0.051136364 | DN74: =CR74/CR73-1 -> 0.03125 | DQ74: =CE74/32 -> 3.79125 | DR74: =CF74/64 -> 3.8195312 | FV74: =YEAR(FX74) -> 2010 | FW74: =WEEKNUM(FX74) -> 49 | FX74: 40513 | FY74: 2.19 | FZ74: =FY74*4 -> 8.76 | GA74: =YEAR(GC74) -> 2012 | GB74: =WEEKNUM(GC74) -> 31 | GC74: 41120 | GD74: 1.08 | GE74: =GD74*4 -> 4.32 | GF74: =YEAR(GH74) -> 2013 | GG74: =WEEKNUM(GH74) -> 11 | GH74: 41346 | GI74: 3.478 | GJ74: =GI74*2 -> 6.956 | GK74: =YEAR(GM74) -> 2014 | GL74: =WEEKNUM(GM74) -> 46 | GM74: 41957 | GN74: 3.66 | GO74: =GN74*2 -> 7.32
C75: {=_xlfn.IFS(MONTH(D75)<4,1,MONTH(D75)<7,2,MONTH(D75)<10,3,MONTH(D75)>9,4)&"Q"&RIGHT(YEAR(D75),2)} -> 2Q16 | D75: =EOMONTH(E75,0) -> 42521 | E75: =+I75 -> 42493 | F75: =+L75/8 -> 0.58425 | G75: =+M75/8 -> 0.3668 | I75: 42493 | J75: 4.97 | K75: 4.65 | L75: 4.674 | M75: 2.9344 | Q75: =L75/M75-1 -> 0.59282988 | AH75: =WORKDAY(AH74,6) -> 42814 | AI75: =IFERROR(VLOOKUP(AH75,$I:$L,4,FALSE),VLOOKUP(AH75,$I:$L,4,TRUE)) -> 6.821 | AJ75: =AI75/AI74-1 -> -0.0094394423 | AK75: =AI75/AI73-1 -> -0.0040881881 | AQ75: {=_xlfn.IFS(MONTH(AR75)<4,1,MONTH(AR75)<7,2,MONTH(AR75)<10,3,MONTH(AR75)>9,4)&"Q"&RIGHT(YEAR(AR75),2)} -> 4Q19 | AR75: =EOMONTH(AS75,0) -> 43830 | AS75: 43815 | AU75: {=INDEX($CE$29:$CE$1449,MATCH($AR75,$CA$29:$CA$1449,0),)} -> 106.01 | AW75: {=INDEX($CF$29:$CF$1449,MATCH($AR75,$CA$29:$CA$1449,0),)} -> 215 | BQ75: {=_xlfn.IFS(MONTH(BR75)<4,1,MONTH(BR75)<7,2,MONTH(BR75)<10,3,MONTH(BR75)>9,4)&"Q"&RIGHT(YEAR(BR75),2)} -> 2Q20 | BR75: =EOMONTH(BS75,0) -> 43951 | BS75: =EOMONTH(BS74,1) -> 43951 | BV75: 3.29 | CA75: =EOMONTH(CA74,1) -> 43951 | CD75: 28.3 | CE75: 143.15 | CF75: 288 | CQ75: 1.91 | CR75: 1.7 | CZ75: =CD75/CD74-1 -> 0.10980392 | DA75: =CE75/CE74-1 -> 0.17993736 | DB75: =CF75/CF74-1 -> 0.17815504 | DM75: =CQ75/CQ74-1 -> 0.032432432 | DN75: =CR75/CR74-1 -> 0.03030303 | DQ75: =CE75/32 -> 4.4734375 | DR75: =CF75/64 -> 4.5 | FV75: =YEAR(FX75) -> 2010 | FW75: =WEEKNUM(FX75) -> 49 | FX75: 40514 | FY75: 2.12 | FZ75: =FY75*4 -> 8.48 | GA75: =YEAR(GC75) -> 2012 | GB75: =WEEKNUM(GC75) -> 33 | GC75: 41135 | GD75: 1.02 | GE75: =GD75*4 -> 4.08 | GF75: =YEAR(GH75) -> 2013 | GG75: =WEEKNUM(GH75) -> 11 | GH75: 41347 | GI75: 3.478 | GJ75: =GI75*2 -> 6.956 | GK75: =YEAR(GM75) -> 2014 | GL75: =WEEKNUM(GM75) -> 48 | GM75: 41971 | GN75: 3.66 | GO75: =GN75*2 -> 7.32
C76: {=_xlfn.IFS(MONTH(D76)<4,1,MONTH(D76)<7,2,MONTH(D76)<10,3,MONTH(D76)>9,4)&"Q"&RIGHT(YEAR(D76),2)} -> 2Q16 | D76: =EOMONTH(E76,0) -> 42521 | E76: =+I76 -> 42494 | F76: =+L76/8 -> 0.58375 | G76: =+M76/8 -> 0.3668 | I76: 42494 | J76: 4.95 | K76: 4.62 | L76: 4.67 | M76: 2.9344 | Q76: =L76/M76-1 -> 0.59146674 | AH76: =WORKDAY(AH75,6) -> 42822 | AI76: =IFERROR(VLOOKUP(AH76,$I:$L,4,FALSE),VLOOKUP(AH76,$I:$L,4,TRUE)) -> 6.78 | AJ76: =AI76/AI75-1 -> -0.0060108488 | AK76: =AI76/AI74-1 -> -0.015393552 | AQ76: {=_xlfn.IFS(MONTH(AR76)<4,1,MONTH(AR76)<7,2,MONTH(AR76)<10,3,MONTH(AR76)>9,4)&"Q"&RIGHT(YEAR(AR76),2)} -> 4Q19 | AR76: =EOMONTH(AS76,0) -> 43830 | AS76: 43822 | AU76: {=INDEX($CE$29:$CE$1449,MATCH($AR76,$CA$29:$CA$1449,0),)} -> 106.01 | AW76: {=INDEX($CF$29:$CF$1449,MATCH($AR76,$CA$29:$CA$1449,0),)} -> 215 | BQ76: {=_xlfn.IFS(MONTH(BR76)<4,1,MONTH(BR76)<7,2,MONTH(BR76)<10,3,MONTH(BR76)>9,4)&"Q"&RIGHT(YEAR(BR76),2)} -> 2Q20 | BR76: =EOMONTH(BS76,0) -> 43982 | BS76: =EOMONTH(BS75,1) -> 43982 | BV76: 3.31 | CA76: =EOMONTH(CA75,1) -> 43982 | CD76: 28.5 | CE76: 143.15 | CF76: 288 | CQ76: 1.91 | CR76: 1.7 | CZ76: =CD76/CD75-1 -> 0.0070671378 | DA76: =CE76/CE75-1 -> 0 | DB76: =CF76/CF75-1 -> 0 | DM76: =CQ76/CQ75-1 -> 0 | DN76: =CR76/CR75-1 -> 0 | DQ76: =CE76/32 -> 4.4734375 | DR76: =CF76/64 -> 4.5 | FV76: =YEAR(FX76) -> 2010 | FW76: =WEEKNUM(FX76) -> 49 | FX76: 40515 | FY76: 2.09 | FZ76: =FY76*4 -> 8.36 | GA76: =YEAR(GC76) -> 2012 | GB76: =WEEKNUM(GC76) -> 35 | GC76: 41152 | GD76: 0.97 | GE76: =GD76*4 -> 3.88 | GF76: =YEAR(GH76) -> 2013 | GG76: =WEEKNUM(GH76) -> 11 | GH76: 41348 | GI76: 3.458 | GJ76: =GI76*2 -> 6.916 | GK76: =YEAR(GM76) -> 2014 | GL76: =WEEKNUM(GM76) -> 50 | GM76: 41985 | GN76: 3.59 | GO76: =GN76*2 -> 7.18
... C91: {=_xlfn.IFS(MONTH(D91)<4,1,MONTH(D91)<7,2,MONTH(D91)<10,3,MONTH(D91)>9,4)&"Q"&RIGHT(YEAR(D91),2)} -> 2Q16 | D91: =EOMONTH(E91,0) -> 42521 | E91: =+I91 -> 42515 | F91: =+L91/8 -> 0.477125 | G91: =+M91/8 -> 0.3668 | I91: 42515 | J91: 4 | K91: 3.45 | L91: 3.817 | M91: 2.9344 | Q91: =L91/M91-1 -> 0.30077699 | AH91: =WORKDAY(AH90,6) -> 42948 | AI91: =IFERROR(VLOOKUP(AH91,$I:$L,4,FALSE),VLOOKUP(AH91,$I:$L,4,TRUE)) -> 7.336 | AJ91: =AI91/AI90-1 -> 0.016066482 | AK91: =AI91/AI89-1 -> 0.046803653 | AQ91: {=_xlfn.IFS(MONTH(AR91)<4,1,MONTH(AR91)<7,2,MONTH(AR91)<10,3,MONTH(AR91)>9,4)&"Q"&RIGHT(YEAR(AR91),2)} -> 2Q20 | AR91: =EOMONTH(AS91,0) -> 43951 | AS91: 43934 | AU91: {=INDEX($CE$29:$CE$1449,MATCH($AR91,$CA$29:$CA$1449,0),)} -> 143.15 | AW91: {=INDEX($CF$29:$CF$1449,MATCH($AR91,$CA$29:$CA$1449,0),)} -> 288 | BQ91: {=_xlfn.IFS(MONTH(BR91)<4,1,MONTH(BR91)<7,2,MONTH(BR91)<10,3,MONTH(BR91)>9,4)&"Q"&RIGHT(YEAR(BR91),2)} -> 3Q21 | BR91: =EOMONTH(BS91,0) -> 44439 | BS91: =EOMONTH(BS90,1) -> 44439 | BV91: 4.1 | CA91: =EOMONTH(CA90,1) -> 44439 | CD91: 34.8 | CE91: 160 | CF91: 316.8 | CQ91: 2.78 | CR91: 2.78 | CZ91: =CD91/CD90-1 -> 0 | DA91: =CE91/CE90-1 -> 0 | DB91: =CF91/CF90-1 -> 0 | DM91: =CQ91/CQ90-1 -> 0.018315018 | DN91: =CR91/CR90-1 -> 0.018315018 | DQ91: =CE91/32 -> 5 | DR91: =CF91/64 -> 4.95 | FV91: =YEAR(FX91) -> 2010 | FW91: =WEEKNUM(FX91) -> 52 | FX91: 40536 | FY91: 1.89 | FZ91: =FY91*4 -> 7.56 | GA91: =YEAR(GC91) -> 2013 | GB91: =WEEKNUM(GC91) -> 15 | GC91: 41376 | GD91: 1.44 | GE91: =GD91*4 -> 5.76 | GF91: =YEAR(GH91) -> 2013 | GG91: =WEEKNUM(GH91) -> 15 | GH91: 41373 | GI91: 3.389 | GJ91: =GI91*2 -> 6.778 | GK91: =YEAR(GM91) -> 2015 | GL91: =WEEKNUM(GM91) -> 31 | GM91: 42215 | GN91: 2.25 | GO91: =GN91*2 -> 4.5
C92: {=_xlfn.IFS(MONTH(D92)<4,1,MONTH(D92)<7,2,MONTH(D92)<10,3,MONTH(D92)>9,4)&"Q"&RIGHT(YEAR(D92),2)} -> 2Q16 | D92: =EOMONTH(E92,0) -> 42521 | E92: =+I92 -> 42516 | F92: =+L92/8 -> 0.47275 | G92: =+M92/8 -> 0.3668 | I92: 42516 | J92: 4 | K92: 3.45 | L92: 3.782 | M92: 2.9344 | Q92: =L92/M92-1 -> 0.28884951 | AH92: =WORKDAY(AH91,6) -> 42956 | AI92: =IFERROR(VLOOKUP(AH92,$I:$L,4,FALSE),VLOOKUP(AH92,$I:$L,4,TRUE)) -> 7.281 | AJ92: =AI92/AI91-1 -> -0.0074972737 | AK92: =AI92/AI90-1 -> 0.0084487535 | AQ92: {=_xlfn.IFS(MONTH(AR92)<4,1,MONTH(AR92)<7,2,MONTH(AR92)<10,3,MONTH(AR92)>9,4)&"Q"&RIGHT(YEAR(AR92),2)} -> 2Q20 | AR92: =EOMONTH(AS92,0) -> 43951 | AS92: 43941 | AU92: {=INDEX($CE$29:$CE$1449,MATCH($AR92,$CA$29:$CA$1449,0),)} -> 143.15 | AW92: {=INDEX($CF$29:$CF$1449,MATCH($AR92,$CA$29:$CA$1449,0),)} -> 288 | BQ92: {=_xlfn.IFS(MONTH(BR92)<4,1,MONTH(BR92)<7,2,MONTH(BR92)<10,3,MONTH(BR92)>9,4)&"Q"&RIGHT(YEAR(BR92),2)} -> 3Q21 | BR92: =EOMONTH(BS92,0) -> 44469 | BS92: =EOMONTH(BS91,1) -> 44469 | BV92: 4.1 | BW92: 8.45 | CA92: =EOMONTH(CA91,1) -> 44469 | CC92: 69.6 | CD92: 34.8 | CE92: 160 | CF92: 316.8 | CQ92: 2.77 | CR92: 2.75 | CZ92: =CD92/CD91-1 -> 0 | DA92: =CE92/CE91-1 -> 0 | DB92: =CF92/CF91-1 -> 0 | DM92: =CQ92/CQ91-1 -> -0.0035971223 | DN92: =CR92/CR91-1 -> -0.010791367 | DQ92: =CE92/32 -> 5 | DR92: =CF92/64 -> 4.95 | FV92: =YEAR(FX92) -> 2010 | FW92: =WEEKNUM(FX92) -> 53 | FX92: 40539 | FY92: 1.88 | FZ92: =FY92*4 -> 7.52 | GA92: =YEAR(GC92) -> 2013 | GB92: =WEEKNUM(GC92) -> 18 | GC92: 41394 | GD92: 1.5 | GE92: =GD92*4 -> 6 | GF92: =YEAR(GH92) -> 2013 | GG92: =WEEKNUM(GH92) -> 15 | GH92: 41374 | GI92: 3.384 | GJ92: =GI92*2 -> 6.768 | GK92: =YEAR(GM92) -> 2015 | GL92: =WEEKNUM(GM92) -> 33 | GM92: 42230 | GN92: 2.06 | GO92: =GN92*2 -> 4.12
C93: {=_xlfn.IFS(MONTH(D93)<4,1,MONTH(D93)<7,2,MONTH(D93)<10,3,MONTH(D93)>9,4)&"Q"&RIGHT(YEAR(D93),2)} -> 2Q16 | D93: =EOMONTH(E93,0) -> 42521 | E93: =+I93 -> 42517 | F93: =+L93/8 -> 0.471 | G93: =+M93/8 -> 0.3668 | I93: 42517 | J93: 3.95 | K93: 3.45 | L93: 3.768 | M93: 2.9344 | Q93: =L93/M93-1 -> 0.28407852 | AH93: =WORKDAY(AH92,6) -> 42964 | AI93: =IFERROR(VLOOKUP(AH93,$I:$L,4,FALSE),VLOOKUP(AH93,$I:$L,4,TRUE)) -> 7.25 | AJ93: =AI93/AI92-1 -> -0.0042576569 | AK93: =AI93/AI91-1 -> -0.01172301 | AQ93: {=_xlfn.IFS(MONTH(AR93)<4,1,MONTH(AR93)<7,2,MONTH(AR93)<10,3,MONTH(AR93)>9,4)&"Q"&RIGHT(YEAR(AR93),2)} -> 2Q20 | AR93: =EOMONTH(AS93,0) -> 43951 | AS93: 43948 | AU93: {=INDEX($CE$29:$CE$1449,MATCH($AR93,$CA$29:$CA$1449,0),)} -> 143.15 | AW93: {=INDEX($CF$29:$CF$1449,MATCH($AR93,$CA$29:$CA$1449,0),)} -> 288 | BO93: =YEAR(BS93) -> 2021 | BQ93: {=_xlfn.IFS(MONTH(BR93)<4,1,MONTH(BR93)<7,2,MONTH(BR93)<10,3,MONTH(BR93)>9,4)&"Q"&RIGHT(YEAR(BR93),2)} -> 4Q21 | BR93: =EOMONTH(BS93,0) -> 44500 | BS93: =EOMONTH(BS92,1) -> 44500 | BV93: 3.71 | BW93: 7.68 | CA93: =EOMONTH(CA92,1) -> 44500 | CC93: 63.4 | CD93: 31.7 | CE93: 153 | CF93: 302.94 | CQ93: 2.6 | CR93: 2.58 | CY93: =CC93/CC92-1 -> -0.08908046 | CZ93: =CD93/CD92-1 -> -0.08908046 | DA93: =CE93/CE92-1 -> -0.04375 | DB93: =CF93/CF92-1 -> -0.04375 | DM93: =CQ93/CQ92-1 -> -0.061371841 | DN93: =CR93/CR92-1 -> -0.061818182 | DQ93: =CE93/32 -> 4.78125 | DR93: =CF93/64 -> 4.7334375 | FV93: =YEAR(FX93) -> 2010 | FW93: =WEEKNUM(FX93) -> 53 | FX93: 40540 | FY93: 1.87 | FZ93: =FY93*4 -> 7.48 | GA93: =YEAR(GC93) -> 2013 | GB93: =WEEKNUM(GC93) -> 20 | GC93: 41409 | GD93: 1.53 | GE93: =GD93*4 -> 6.12 | GF93: =YEAR(GH93) -> 2013 | GG93: =WEEKNUM(GH93) -> 15 | GH93: 41375 | GI93: 3.364 | GJ93: =GI93*2 -> 6.728 | GK93: =YEAR(GM93) -> 2015 | GL93: =WEEKNUM(GM93) -> 35 | GM93: 42244 | GN93: 2.06 | GO93: =GN93*2 -> 4.12
C94: {=_xlfn.IFS(MONTH(D94)<4,1,MONTH(D94)<7,2,MONTH(D94)<10,3,MONTH(D94)>9,4)&"Q"&RIGHT(YEAR(D94),2)} -> 2Q16 | D94: =EOMONTH(E94,0) -> 42521 | E94: =+I94 -> 42520 | F94: =+L94/8 -> 0.469375 | G94: =+M94/8 -> 0.3668 | I94: 42520 | J94: 3.95 | K94: 3.45 | L94: 3.755 | M94: 2.9344 | Q94: =L94/M94-1 -> 0.27964831 | AH94: =WORKDAY(AH93,6) -> 42972 | AI94: =IFERROR(VLOOKUP(AH94,$I:$L,4,FALSE),VLOOKUP(AH94,$I:$L,4,TRUE)) -> 7.253 | AJ94: =AI94/AI93-1 -> 0.0004137931 | AK94: =AI94/AI92-1 -> -0.0038456256 | AQ94: {=_xlfn.IFS(MONTH(AR94)<4,1,MONTH(AR94)<7,2,MONTH(AR94)<10,3,MONTH(AR94)>9,4)&"Q"&RIGHT(YEAR(AR94),2)} -> 2Q20 | AR94: =EOMONTH(AS94,0) -> 43982 | AS94: 43955 | AU94: {=INDEX($CE$29:$CE$1449,MATCH($AR94,$CA$29:$CA$1449,0),)} -> 143.15 | AW94: {=INDEX($CF$29:$CF$1449,MATCH($AR94,$CA$29:$CA$1449,0),)} -> 288 | BO94: =YEAR(BS94) -> 2021 | BQ94: {=_xlfn.IFS(MONTH(BR94)<4,1,MONTH(BR94)<7,2,MONTH(BR94)<10,3,MONTH(BR94)>9,4)&"Q"&RIGHT(YEAR(BR94),2)} -> 4Q21 | BR94: =EOMONTH(BS94,0) -> 44530 | BS94: =EOMONTH(BS93,1) -> 44530 | BV94: 3.71 | BW94: 7.68 | CA94: =EOMONTH(CA93,1) -> 44530 | CC94: 63.4 | CD94: 31.7 | CE94: 151 | CF94: 297.47 | CQ94: 2.52 | CR94: 2.5 | CY94: =CC94/CC93-1 -> 0 | CZ94: =CD94/CD93-1 -> 0 | DA94: =CE94/CE93-1 -> -0.013071895 | DB94: =CF94/CF93-1 -> -0.018056381 | DM94: =CQ94/CQ93-1 -> -0.030769231 | DN94: =CR94/CR93-1 -> -0.031007752 | DQ94: =CE94/32 -> 4.71875 | DR94: =CF94/64 -> 4.6479688 | FV94: =YEAR(FX94) -> 2010 | FW94: =WEEKNUM(FX94) -> 53 | FX94: 40541 | FY94: 1.87 | FZ94: =FY94*4 -> 7.48 | GA94: =YEAR(GC94) -> 2013 | GB94: =WEEKNUM(GC94) -> 22 | GC94: 41425 | GD94: 1.53 | GE94: =GD94*4 -> 6.12 | GF94: =YEAR(GH94) -> 2013 | GG94: =WEEKNUM(GH94) -> 15 | GH94: 41376 | GI94: 3.363 | GJ94: =GI94*2 -> 6.726 | GK94: =YEAR(GM94) -> 2015 | GL94: =WEEKNUM(GM94) -> 38 | GM94: 42262 | GN94: 2 | GO94: =GN94*2 -> 4
C95: {=_xlfn.IFS(MONTH(D95)<4,1,MONTH(D95)<7,2,MONTH(D95)<10,3,MONTH(D95)>9,4)&"Q"&RIGHT(YEAR(D95),2)} -> 2Q16 | D95: =EOMONTH(E95,0) -> 42521 | E95: =+I95 -> 42521 | F95: =+L95/8 -> 0.4675 | G95: =+M95/8 -> 0.3668 | I95: 42521 | J95: 3.95 | K95: 3.45 | L95: 3.74 | M95: 2.9344 | Q95: =L95/M95-1 -> 0.27453653 | AH95: =WORKDAY(AH94,6) -> 42982 | AI95: =IFERROR(VLOOKUP(AH95,$I:$L,4,FALSE),VLOOKUP(AH95,$I:$L,4,TRUE)) -> 7.344 | AJ95: =AI95/AI94-1 -> 0.012546532 | AK95: =AI95/AI93-1 -> 0.012965517 | AQ95: {=_xlfn.IFS(MONTH(AR95)<4,1,MONTH(AR95)<7,2,MONTH(AR95)<10,3,MONTH(AR95)>9,4)&"Q"&RIGHT(YEAR(AR95),2)} -> 2Q20 | AR95: =EOMONTH(AS95,0) -> 43982 | AS95: 43962 | AU95: {=INDEX($CE$29:$CE$1449,MATCH($AR95,$CA$29:$CA$1449,0),)} -> 143.15 | AW95: {=INDEX($CF$29:$CF$1449,MATCH($AR95,$CA$29:$CA$1449,0),)} -> 288 | BO95: =YEAR(BS95) -> 2021 | BQ95: {=_xlfn.IFS(MONTH(BR95)<4,1,MONTH(BR95)<7,2,MONTH(BR95)<10,3,MONTH(BR95)>9,4)&"Q"&RIGHT(YEAR(BR95),2)} -> 4Q21 | BR95: =EOMONTH(BS95,0) -> 44561 | BS95: =EOMONTH(BS94,1) -> 44561 | BV95: 3.71 | BW95: 7.68 | BX95: 10.24 | CA95: =EOMONTH(CA94,1) -> 44561 | CB95: 89.39 | CC95: 63.4 | CD95: 31.7 | CE95: 150 | CF95: 292.5 | CQ95: 2.52 | CR95: 2.52 | CT95: =CB95/CC95-1 -> 0.40993691 | CY95: =CC95/CC94-1 -> 0 | CZ95: =CD95/CD94-1 -> 0 | DA95: =CE95/CE94-1 -> -0.0066225166 | DB95: =CF95/CF94-1 -> -0.016707567 | DM95: =CQ95/CQ94-1 -> 0 | DN95: =CR95/CR94-1 -> 0.008 | DQ95: =CE95/32 -> 4.6875 | DR95: =CF95/64 -> 4.5703125 | FV95: =YEAR(FX95) -> 2010 | FW95: =WEEKNUM(FX95) -> 53 | FX95: 40542 | FY95: 1.85 | FZ95: =FY95*4 -> 7.4 | GA95: =YEAR(GC95) -> 2013 | GB95: =WEEKNUM(GC95) -> 24 | GC95: 41439 | GD95: 1.55 | GE95: =GD95*4 -> 6.2 | GF95: =YEAR(GH95) -> 2013 | GG95: =WEEKNUM(GH95) -> 16 | GH95: 41379 | GI95: 3.363 | GJ95: =GI95*2 -> 6.726 | GK95: =YEAR(GM95) -> 2015 | GL95: =WEEKNUM(GM95) -> 40 | GM95: 42277 | GN95: 2 | GO95: =GN95*2 -> 4
C96: {=_xlfn.IFS(MONTH(D96)<4,1,MONTH(D96)<7,2,MONTH(D96)<10,3,MONTH(D96)>9,4)&"Q"&RIGHT(YEAR(D96),2)} -> 2Q16 | D96: =EOMONTH(E96,0) -> 42551 | E96: =+I96 -> 42522 | F96: =+L96/8 -> 0.466625 | G96: =+M96/8 -> 0.3675 | I96: 42522 | J96: 3.93 | K96: 3.45 | L96: 3.733 | M96: {=INDEX($BV$29:$BV$1449,MATCH($D96,$BR$29:$BR$1449,0),)} -> 2.94 | Q96: =L96/M96-1 -> 0.26972789 | AH96: =WORKDAY(AH95,6) -> 42990 | AI96: =IFERROR(VLOOKUP(AH96,$I:$L,4,FALSE),VLOOKUP(AH96,$I:$L,4,TRUE)) -> 7.54 | AJ96: =AI96/AI95-1 -> 0.026688453 | AK96: =AI96/AI94-1 -> 0.039569833 | AQ96: {=_xlfn.IFS(MONTH(AR96)<4,1,MONTH(AR96)<7,2,MONTH(AR96)<10,3,MONTH(AR96)>9,4)&"Q"&RIGHT(YEAR(AR96),2)} -> 2Q20 | AR96: =EOMONTH(AS96,0) -> 43982 | AS96: 43969 | AU96: {=INDEX($CE$29:$CE$1449,MATCH($AR96,$CA$29:$CA$1449,0),)} -> 143.15 | AW96: {=INDEX($CF$29:$CF$1449,MATCH($AR96,$CA$29:$CA$1449,0),)} -> 288 | BO96: =YEAR(BS96) -> 2022 | BQ96: {=_xlfn.IFS(MONTH(BR96)<4,1,MONTH(BR96)<7,2,MONTH(BR96)<10,3,MONTH(BR96)>9,4)&"Q"&RIGHT(YEAR(BR96),2)} -> 1Q22 | BR96: =EOMONTH(BS96,0) -> 44592 | BS96: =EOMONTH(BS95,1) -> 44592 | BV96: 3.41 | BW96: 7.08 | BX96: 10.24 | CA96: =EOMONTH(CA95,1) -> 44592 | CB96: 89.39 | CC96: 58.6 | CD96: 29.3 | CE96: 140 | CF96: 271.6 | CQ96: 2.45 | CR96: 2.52 | CT96: =CB96/CC96-1 -> 0.52542662 | CX96: =CB96/CB95-1 -> 0 | CY96: =CC96/CC95-1 -> -0.075709779 | CZ96: =CD96/CD95-1 -> -0.075709779 | DA96: =CE96/CE95-1 -> -0.066666667 | DB96: =CF96/CF95-1 -> -0.071452991 | DM96: =CQ96/CQ95-1 -> -0.027777778 | DN96: =CR96/CR95-1 -> 0 | DQ96: =CE96/32 -> 4.375 | DR96: =CF96/64 -> 4.24375 | FV96: =YEAR(FX96) -> 2010 | FW96: =WEEKNUM(FX96) -> 53 | FX96: 40543 | FY96: 1.85 | FZ96: =FY96*4 -> 7.4 | GA96: =YEAR(GC96) -> 2013 | GB96: =WEEKNUM(GC96) -> 27 | GC96: 41456 | GD96: 1.55 | GE96: =GD96*4 -> 6.2 | GF96: =YEAR(GH96) -> 2013 | GG96: =WEEKNUM(GH96) -> 16 | GH96: 41380 | GI96: 3.36 | GJ96: =GI96*2 -> 6.72 | GK96: =YEAR(GM96) -> 2015 | GL96: =WEEKNUM(GM96) -> 42 | GM96: 42292 | GN96: 1.78 | GO96: =GN96*2 -> 3.56
C97: {=_xlfn.IFS(MONTH(D97)<4,1,MONTH(D97)<7,2,MONTH(D97)<10,3,MONTH(D97)>9,4)&"Q"&RIGHT(YEAR(D97),2)} -> 2Q16 | D97: =EOMONTH(E97,0) -> 42551 | E97: =+I97 -> 42523 | F97: =+L97/8 -> 0.465875 | G97: =+M97/8 -> 0.3675 | I97: 42523 | J97: 3.93 | K97: 3.45 | L97: 3.727 | M97: {=INDEX($BV$29:$BV$1449,MATCH($D97,$BR$29:$BR$1449,0),)} -> 2.94 | Q97: =L97/M97-1 -> 0.26768707 | AH97: =WORKDAY(AH96,6) -> 42998 | AI97: =IFERROR(VLOOKUP(AH97,$I:$L,4,FALSE),VLOOKUP(AH97,$I:$L,4,TRUE)) -> 7.759 | AJ97: =AI97/AI96-1 -> 0.029045093 | AK97: =AI97/AI95-1 -> 0.056508715 | AQ97: {=_xlfn.IFS(MONTH(AR97)<4,1,MONTH(AR97)<7,2,MONTH(AR97)<10,3,MONTH(AR97)>9,4)&"Q"&RIGHT(YEAR(AR97),2)} -> 2Q20 | AR97: =EOMONTH(AS97,0) -> 43982 | AS97: 43976 | AU97: {=INDEX($CE$29:$CE$1449,MATCH($AR97,$CA$29:$CA$1449,0),)} -> 143.15 | AW97: {=INDEX($CF$29:$CF$1449,MATCH($AR97,$CA$29:$CA$1449,0),)} -> 288 | BO97: =YEAR(BS97) -> 2022 | BQ97: {=_xlfn.IFS(MONTH(BR97)<4,1,MONTH(BR97)<7,2,MONTH(BR97)<10,3,MONTH(BR97)>9,4)&"Q"&RIGHT(YEAR(BR97),2)} -> 1Q22 | BR97: =EOMONTH(BS97,0) -> 44620 | BS97: =EOMONTH(BS96,1) -> 44620 | BV97: 3.41 | BW97: 7.08 | BX97: 9.56 | CA97: =EOMONTH(CA96,1) -> 44620 | CB97: 84 | CC97: 58.6 | CD97: 29.3 | CE97: 139 | CF97: 271.6 | CQ97: 2.48 | CR97: 2.6 | CT97: =CB97/CC97-1 -> 0.4334471 | CX97: =CB97/CB96-1 -> -0.060297572 | CY97: =CC97/CC96-1 -> 0 | CZ97: =CD97/CD96-1 -> 0 | DA97: =CE97/CE96-1 -> -0.0071428571 | DB97: =CF97/CF96-1 -> 0 | DM97: =CQ97/CQ96-1 -> 0.012244898 | DN97: =CR97/CR96-1 -> 0.031746032 | DQ97: =CE97/32 -> 4.34375 | DR97: =CF97/64 -> 4.24375 | FV97: =YEAR(FX97) -> 2011 | FW97: =WEEKNUM(FX97) -> 2 | FX97: 40546 | FY97: 1.85 | FZ97: =FY97*4 -> 7.4 | GA97: =YEAR(GC97) -> 2013 | GB97: =WEEKNUM(GC97) -> 29 | GC97: 41472 | GD97: 1.58 | GE97: =GD97*4 -> 6.32 | GF97: =YEAR(GH97) -> 2013 | GG97: =WEEKNUM(GH97) -> 16 | GH97: 41381 | GI97: 3.349 | GJ97: =GI97*2 -> 6.698 | GK97: =YEAR(GM97) -> 2015 | GL97: =WEEKNUM(GM97) -> 44 | GM97: 42307 | GN97: 1.78 | GO97: =GN97*2 -> 3.56
C98: {=_xlfn.IFS(MONTH(D98)<4,1,MONTH(D98)<7,2,MONTH(D98)<10,3,MONTH(D98)>9,4)&"Q"&RIGHT(YEAR(D98),2)} -> 2Q16 | D98: =EOMONTH(E98,0) -> 42551 | E98: =+I98 -> 42524 | F98: =+L98/8 -> 0.464125 | G98: =+M98/8 -> 0.3675 | I98: 42524 | J98: 3.93 | K98: 3.45 | L98: 3.713 | M98: {=INDEX($BV$29:$BV$1449,MATCH($D98,$BR$29:$BR$1449,0),)} -> 2.94 | Q98: =L98/M98-1 -> 0.26292517 | AH98: =WORKDAY(AH97,6) -> 43006 | AI98: =IFERROR(VLOOKUP(AH98,$I:$L,4,FALSE),VLOOKUP(AH98,$I:$L,4,TRUE)) -> 8.343 | AJ98: =AI98/AI97-1 -> 0.075267431 | AK98: =AI98/AI96-1 -> 0.10649867 | AQ98: {=_xlfn.IFS(MONTH(AR98)<4,1,MONTH(AR98)<7,2,MONTH(AR98)<10,3,MONTH(AR98)>9,4)&"Q"&RIGHT(YEAR(AR98),2)} -> 2Q20 | AR98: =EOMONTH(AS98,0) -> 44012 | AS98: 43983 | AU98: {=INDEX($CE$29:$CE$1449,MATCH($AR98,$CA$29:$CA$1449,0),)} -> 143.15 | AW98: {=INDEX($CF$29:$CF$1449,MATCH($AR98,$CA$29:$CA$1449,0),)} -> 288 | BO98: =YEAR(BS98) -> 2022 | BQ98: {=_xlfn.IFS(MONTH(BR98)<4,1,MONTH(BR98)<7,2,MONTH(BR98)<10,3,MONTH(BR98)>9,4)&"Q"&RIGHT(YEAR(BR98),2)} -> 1Q22 | BR98: =EOMONTH(BS98,0) -> 44651 | BS98: =EOMONTH(BS97,1) -> 44651 | BV98: 3.41 | BW98: 7.08 | BX98: 9.56 | CA98: =EOMONTH(CA97,1) -> 44651 | CB98: 84 | CC98: 58.6 | CD98: 29.3 | CE98: 138 | CF98: 270 | CQ98: 2.4 | CR98: 2.72 | CT98: =CB98/CC98-1 -> 0.4334471 | CX98: =CB98/CB97-1 -> 0 | CY98: =CC98/CC97-1 -> 0 | CZ98: =CD98/CD97-1 -> 0 | DA98: =CE98/CE97-1 -> -0.0071942446 | DB98: =CF98/CF97-1 -> -0.0058910162 | DM98: =CQ98/CQ97-1 -> -0.032258065 | DN98: =CR98/CR97-1 -> 0.046153846 | DQ98: =CE98/32 -> 4.3125 | DR98: =CF98/64 -> 4.21875 | FV98: =YEAR(FX98) -> 2011 | FW98: =WEEKNUM(FX98) -> 2 | FX98: 40547 | FY98: 1.84 | FZ98: =FY98*4 -> 7.36 | GA98: =YEAR(GC98) -> 2013 | GB98: =WEEKNUM(GC98) -> 31 | GC98: 41486 | GD98: 1.58 | GE98: =GD98*4 -> 6.32 | GF98: =YEAR(GH98) -> 2013 | GG98: =WEEKNUM(GH98) -> 16 | GH98: 41382 | GI98: 3.335 | GJ98: =GI98*2 -> 6.67 | GK98: =YEAR(GM98) -> 2015 | GL98: =WEEKNUM(GM98) -> 46 | GM98: 42321 | GN98: 1.72 | GO98: =GN98*2 -> 3.44
C99: {=_xlfn.IFS(MONTH(D99)<4,1,MONTH(D99)<7,2,MONTH(D99)<10,3,MONTH(D99)>9,4)&"Q"&RIGHT(YEAR(D99),2)} -> 2Q16 | D99: =EOMONTH(E99,0) -> 42551 | E99: =+I99 -> 42527 | F99: =+L99/8 -> 0.463125 | G99: =+M99/8 -> 0.3675 | I99: 42527 | J99: 3.9 | K99: 3.45 | L99: 3.705 | M99: {=INDEX($BV$29:$BV$1449,MATCH($D99,$BR$29:$BR$1449,0),)} -> 2.94 | Q99: =L99/M99-1 -> 0.26020408 | AH99: =WORKDAY(AH98,6) -> 43014 | AI99: =IFERROR(VLOOKUP(AH99,$I:$L,4,FALSE),VLOOKUP(AH99,$I:$L,4,TRUE)) -> 8.837 | AJ99: =AI99/AI98-1 -> 0.059211315 | AK99: =AI99/AI97-1 -> 0.13893543 | AQ99: {=_xlfn.IFS(MONTH(AR99)<4,1,MONTH(AR99)<7,2,MONTH(AR99)<10,3,MONTH(AR99)>9,4)&"Q"&RIGHT(YEAR(AR99),2)} -> 2Q20 | AR99: =EOMONTH(AS99,0) -> 44012 | AS99: 43990 | AU99: {=INDEX($CE$29:$CE$1449,MATCH($AR99,$CA$29:$CA$1449,0),)} -> 143.15 | AW99: {=INDEX($CF$29:$CF$1449,MATCH($AR99,$CA$29:$CA$1449,0),)} -> 288 | BO99: =YEAR(BS99) -> 2022 | BQ99: {=_xlfn.IFS(MONTH(BR99)<4,1,MONTH(BR99)<7,2,MONTH(BR99)<10,3,MONTH(BR99)>9,4)&"Q"&RIGHT(YEAR(BR99),2)} -> 2Q22 | BR99: =EOMONTH(BS99,0) -> 44681 | BS99: =EOMONTH(BS98,1) -> 44681 | BV99: 3.41 | BW99: 7.08 | BX99: 9.56 | CA99: =EOMONTH(CA98,1) -> 44681 | CB99: 84 | CC99: 58.6 | CD99: 29.3 | CE99: 136 | CF99: 268 | CQ99: 2.38 | CR99: 2.77 | CT99: =CB99/CC99-1 -> 0.4334471 | CX99: =CB99/CB98-1 -> 0 | CY99: =CC99/CC98-1 -> 0 | CZ99: =CD99/CD98-1 -> 0 | DA99: =CE99/CE98-1 -> -0.014492754 | DB99: =CF99/CF98-1 -> -0.0074074074 | DM99: =CQ99/CQ98-1 -> -0.0083333333 | DN99: =CR99/CR98-1 -> 0.018382353 | DQ99: =CE99/32 -> 4.25 | DR99: =CF99/64 -> 4.1875 | FV99: =YEAR(FX99) -> 2011 | FW99: =WEEKNUM(FX99) -> 2 | FX99: 40548 | FY99: 1.83 | FZ99: =FY99*4 -> 7.32 | GA99: =YEAR(GC99) -> 2013 | GB99: =WEEKNUM(GC99) -> 33 | GC99: 41501 | GD99: 1.58 | GE99: =GD99*4 -> 6.32 | GF99: =YEAR(GH99) -> 2013 | GG99: =WEEKNUM(GH99) -> 16 | GH99: 41383 | GI99: 3.335 | GJ99: =GI99*2 -> 6.67 | GK99: =YEAR(GM99) -> 2015 | GL99: =WEEKNUM(GM99) -> 48 | GM99: 42335 | GN99: 1.72 | GO99: =GN99*2 -> 3.44
C100: {=_xlfn.IFS(MONTH(D100)<4,1,MONTH(D100)<7,2,MONTH(D100)<10,3,MONTH(D100)>9,4)&"Q"&RIGHT(YEAR(D100),2)} -> 2Q16 | D100: =EOMONTH(E100,0) -> 42551 | E100: =+I100 -> 42528 | F100: =+L100/8 -> 0.463125 | G100: =+M100/8 -> 0.3675 | I100: 42528 | J100: 3.9 | K100: 3.45 | L100: 3.705 | M100: {=INDEX($BV$29:$BV$1449,MATCH($D100,$BR$29:$BR$1449,0),)} -> 2.94 | Q100: =L100/M100-1 -> 0.26020408 | AH100: =WORKDAY(AH99,6) -> 43024 | AI100: =IFERROR(VLOOKUP(AH100,$I:$L,4,FALSE),VLOOKUP(AH100,$I:$L,4,TRUE)) -> 9.215 | AJ100: =AI100/AI99-1 -> 0.042774697 | AK100: =AI100/AI98-1 -> 0.10451876 | AQ100: {=_xlfn.IFS(MONTH(AR100)<4,1,MONTH(AR100)<7,2,MONTH(AR100)<10,3,MONTH(AR100)>9,4)&"Q"&RIGHT(YEAR(AR100),2)} -> 2Q20 | AR100: =EOMONTH(AS100,0) -> 44012 | AS100: 43997 | AU100: {=INDEX($CE$29:$CE$1449,MATCH($AR100,$CA$29:$CA$1449,0),)} -> 143.15 | AW100: {=INDEX($CF$29:$CF$1449,MATCH($AR100,$CA$29:$CA$1449,0),)} -> 288 | BO100: =YEAR(BS100) -> 2022 | BQ100: {=_xlfn.IFS(MONTH(BR100)<4,1,MONTH(BR100)<7,2,MONTH(BR100)<10,3,MONTH(BR100)>9,4)&"Q"&RIGHT(YEAR(BR100),2)} -> 2Q22 | BR100: =EOMONTH(BS100,0) -> 44712 | BS100: =EOMONTH(BS99,1) -> 44712 | BV100: 3.35 | BW100: 6.95 | BX100: 8.69 | CA100: =EOMONTH(CA99,1) -> 44712 | CB100: 77 | CC100: 57.6 | CD100: 28.8 | CE100: 136 | CF100: 268 | CQ100: 2.35 | CR100: 2.75 | CT100: =CB100/CC100-1 -> 0.33680556 | CX100: =CB100/CB99-1 -> -0.083333333 | CY100: =CC100/CC99-1 -> -0.017064846 | CZ100: =CD100/CD99-1 -> -0.017064846 | DA100: =CE100/CE99-1 -> 0 | DB100: =CF100/CF99-1 -> 0 | DM100: =CQ100/CQ99-1 -> -0.012605042 | DN100: =CR100/CR99-1 -> -0.0072202166 | DQ100: =CE100/32 -> 4.25 | DR100: =CF100/64 -> 4.1875 | FV100: =YEAR(FX100) -> 2011 | FW100: =WEEKNUM(FX100) -> 2 | FX100: 40549 | FY100: 1.83 | FZ100: =FY100*4 -> 7.32 | GA100: =YEAR(GC100) -> 2013 | GB100: =WEEKNUM(GC100) -> 35 | GC100: 41516 | GD100: 1.58 | GE100: =GD100*4 -> 6.32 | GF100: =YEAR(GH100) -> 2013 | GG100: =WEEKNUM(GH100) -> 17 | GH100: 41386 | GI100: 3.325 | GJ100: =GI100*2 -> 6.65 | GK100: =YEAR(GM100) -> 2015 | GL100: =WEEKNUM(GM100) -> 51 | GM100: 42353 | GN100: 1.72 | GO100: =GN100*2 -> 3.44
C101: {=_xlfn.IFS(MONTH(D101)<4,1,MONTH(D101)<7,2,MONTH(D101)<10,3,MONTH(D101)>9,4)&"Q"&RIGHT(YEAR(D101),2)} -> 2Q16 | D101: =EOMONTH(E101,0) -> 42551 | E101: =+I101 -> 42529 | F101: =+L101/8 -> 0.462125 | G101: =+M101/8 -> 0.3675 | I101: 42529 | J101: 3.93 | K101: 3.4 | L101: 3.697 | M101: {=INDEX($BV$29:$BV$1449,MATCH($D101,$BR$29:$BR$1449,0),)} -> 2.94 | Q101: =L101/M101-1 -> 0.25748299 | AH101: =WORKDAY(AH100,6) -> 43032 | AI101: =IFERROR(VLOOKUP(AH101,$I:$L,4,FALSE),VLOOKUP(AH101,$I:$L,4,TRUE)) -> 9.606 | AJ101: =AI101/AI100-1 -> 0.042430819 | AK101: =AI101/AI99-1 -> 0.087020482 | AQ101: {=_xlfn.IFS(MONTH(AR101)<4,1,MONTH(AR101)<7,2,MONTH(AR101)<10,3,MONTH(AR101)>9,4)&"Q"&RIGHT(YEAR(AR101),2)} -> 2Q20 | AR101: =EOMONTH(AS101,0) -> 44012 | AS101: 44004 | AU101: {=INDEX($CE$29:$CE$1449,MATCH($AR101,$CA$29:$CA$1449,0),)} -> 143.15 | AW101: {=INDEX($CF$29:$CF$1449,MATCH($AR101,$CA$29:$CA$1449,0),)} -> 288 | BO101: =YEAR(BS101) -> 2022 | BQ101: {=_xlfn.IFS(MONTH(BR101)<4,1,MONTH(BR101)<7,2,MONTH(BR101)<10,3,MONTH(BR101)>9,4)&"Q"&RIGHT(YEAR(BR101),2)} -> 2Q22 | BR101: =EOMONTH(BS101,0) -> 44742 | BS101: =EOMONTH(BS100,1) -> 44742 | BV101: 3.35 | BW101: 6.95 | BX101: 8.69 | CA101: =EOMONTH(CA100,1) -> 44742 | CB101: 77 | CC101: 57.6 | CD101: 28.8 | CE101: 133 | CF101: 268 | CQ101: 2.3 | CR101: 2.65 | CT101: =CB101/CC101-1 -> 0.33680556 | CX101: =CB101/CB100-1 -> 0 | CY101: =CC101/CC100-1 -> 0 | CZ101: =CD101/CD100-1 -> 0 | DA101: =CE101/CE100-1 -> -0.022058824 | DB101: =CF101/CF100-1 -> 0 | DM101: =CQ101/CQ100-1 -> -0.021276596 | DN101: =CR101/CR100-1 -> -0.036363636 | DQ101: =CE101/32 -> 4.15625 | DR101: =CF101/64 -> 4.1875 | FV101: =YEAR(FX101) -> 2011 | FW101: =WEEKNUM(FX101) -> 2 | FX101: 40550 | FY101: 1.82 | FZ101: =FY101*4 -> 7.28 | GA101: =YEAR(GC101) -> 2013 | GB101: =WEEKNUM(GC101) -> 40 | GC101: 41548 | GD101: 1.72 | GE101: =GD101*4 -> 6.88 | GF101: =YEAR(GH101) -> 2013 | GG101: =WEEKNUM(GH101) -> 17 | GH101: 41387 | GI101: 3.28 | GJ101: =GI101*2 -> 6.56 | GK101: =YEAR(GM101) -> 2015 | GL101: =WEEKNUM(GM101) -> 53 | GM101: 42369 | GN101: 1.72 | GO101: =GN101*2 -> 3.44
C102: {=_xlfn.IFS(MONTH(D102)<4,1,MONTH(D102)<7,2,MONTH(D102)<10,3,MONTH(D102)>9,4)&"Q"&RIGHT(YEAR(D102),2)} -> 2Q16 | D102: =EOMONTH(E102,0) -> 42551 | E102: =+I102 -> 42534 | F102: =+L102/8 -> 0.4585 | G102: =+M102/8 -> 0.3675 | I102: 42534 | J102: 3.93 | K102: 3.37 | L102: 3.668 | M102: {=INDEX($BV$29:$BV$1449,MATCH($D102,$BR$29:$BR$1449,0),)} -> 2.94 | Q102: =L102/M102-1 -> 0.24761905 | AH102: =WORKDAY(AH101,6) -> 43040 | AI102: =IFERROR(VLOOKUP(AH102,$I:$L,4,FALSE),VLOOKUP(AH102,$I:$L,4,TRUE)) -> 9.576 | AJ102: =AI102/AI101-1 -> -0.0031230481 | AK102: =AI102/AI100-1 -> 0.039175258 | AQ102: {=_xlfn.IFS(MONTH(AR102)<4,1,MONTH(AR102)<7,2,MONTH(AR102)<10,3,MONTH(AR102)>9,4)&"Q"&RIGHT(YEAR(AR102),2)} -> 2Q20 | AR102: =EOMONTH(AS102,0) -> 44012 | AS102: 44011 | AU102: {=INDEX($CE$29:$CE$1449,MATCH($AR102,$CA$29:$CA$1449,0),)} -> 143.15 | AW102: {=INDEX($CF$29:$CF$1449,MATCH($AR102,$CA$29:$CA$1449,0),)} -> 288 | BO102: =YEAR(BS102) -> 2022 | BQ102: {=_xlfn.IFS(MONTH(BR102)<4,1,MONTH(BR102)<7,2,MONTH(BR102)<10,3,MONTH(BR102)>9,4)&"Q"&RIGHT(YEAR(BR102),2)} -> 3Q22 | BR102: =EOMONTH(BS102,0) -> 44773 | BS102: =EOMONTH(BS101,1) -> 44773 | BV102: 2.88 | BW102: 5.85 | BX102: 6.99 | CA102: =EOMONTH(CA101,1) -> 44773 | CB102: 63.44 | CC102: 48.8 | CD102: 25 | CE102: 130 | CF102: 255 | CQ102: 2.12 | CR102: 2.38 | CT102: =CB102/CC102-1 -> 0.3 | CX102: =CB102/CB101-1 -> -0.1761039 | CY102: =CC102/CC101-1 -> -0.15277778 | CZ102: =CD102/CD101-1 -> -0.13194444 | DA102: =CE102/CE101-1 -> -0.022556391 | DB102: =CF102/CF101-1 -> -0.048507463 | DM102: =CQ102/CQ101-1 -> -0.07826087 | DN102: =CR102/CR101-1 -> -0.10188679 | DQ102: =CE102/32 -> 4.0625 | DR102: =CF102/64 -> 3.984375 | FV102: =YEAR(FX102) -> 2011 | FW102: =WEEKNUM(FX102) -> 3 | FX102: 40553 | FY102: 1.82 | FZ102: =FY102*4 -> 7.28 | GA102: =YEAR(GC102) -> 2013 | GB102: =WEEKNUM(GC102) -> 42 | GC102: 41562 | GD102: 1.84 | GE102: =GD102*4 -> 7.36 | GF102: =YEAR(GH102) -> 2013 | GG102: =WEEKNUM(GH102) -> 17 | GH102: 41388 | GI102: 3.2 | GJ102: =GI102*2 -> 6.4 | GK102: =YEAR(GM102) -> 2016 | GL102: =WEEKNUM(GM102) -> 3 | GM102: 42384 | GN102: 1.59 | GO102: =GN102*2 -> 3.18
C103: {=_xlfn.IFS(MONTH(D103)<4,1,MONTH(D103)<7,2,MONTH(D103)<10,3,MONTH(D103)>9,4)&"Q"&RIGHT(YEAR(D103),2)} -> 2Q16 | D103: =EOMONTH(E103,0) -> 42551 | E103: =+I103 -> 42535 | F103: =+L103/8 -> 0.4585 | G103: =+M103/8 -> 0.3675 | I103: 42535 | J103: 3.93 | K103: 3.37 | L103: 3.668 | M103: {=INDEX($BV$29:$BV$1449,MATCH($D103,$BR$29:$BR$1449,0),)} -> 2.94 | Q103: =L103/M103-1 -> 0.24761905 | AH103: =WORKDAY(AH102,6) -> 43048 | AI103: =IFERROR(VLOOKUP(AH103,$I:$L,4,FALSE),VLOOKUP(AH103,$I:$L,4,TRUE)) -> 9.58 | AJ103: =AI103/AI102-1 -> 0.00041771094 | AK103: =AI103/AI101-1 -> -0.0027066417 | AQ103: {=_xlfn.IFS(MONTH(AR103)<4,1,MONTH(AR103)<7,2,MONTH(AR103)<10,3,MONTH(AR103)>9,4)&"Q"&RIGHT(YEAR(AR103),2)} -> 3Q20 | AR103: =EOMONTH(AS103,0) -> 44043 | AS103: 44018 | AU103: {=INDEX($CE$29:$CE$1449,MATCH($AR103,$CA$29:$CA$1449,0),)} -> 134 | AW103: {=INDEX($CF$29:$CF$1449,MATCH($AR103,$CA$29:$CA$1449,0),)} -> 270 | BO103: =YEAR(BS103) -> 2022 | BQ103: {=_xlfn.IFS(MONTH(BR103)<4,1,MONTH(BR103)<7,2,MONTH(BR103)<10,3,MONTH(BR103)>9,4)&"Q"&RIGHT(YEAR(BR103),2)} -> 3Q22 | BR103: =EOMONTH(BS103,0) -> 44804 | BS103: =EOMONTH(BS102,1) -> 44804 | BV103: 2.85 | BW103: 5.83 | BX103: 6.96 | CA103: =EOMONTH(CA102,1) -> 44804 | CB103: 63.18 | CC103: 48.6 | CD103: 24.8 | CE103: 115 | CF103: 224 | CQ103: 2 | CR103: 2.22 | CT103: =CB103/CC103-1 -> 0.3 | CX103: =CB103/CB102-1 -> -0.0040983607 | CY103: =CC103/CC102-1 -> -0.0040983607 | CZ103: =CD103/CD102-1 -> -0.008 | DA103: =CE103/CE102-1 -> -0.11538462 | DB103: =CF103/CF102-1 -> -0.12156863 | DM103: =CQ103/CQ102-1 -> -0.056603774 | DN103: =CR103/CR102-1 -> -0.067226891 | DQ103: =CE103/32 -> 3.59375 | DR103: =CF103/64 -> 3.5 | FV103: =YEAR(FX103) -> 2011 | FW103: =WEEKNUM(FX103) -> 3 | FX103: 40554 | FY103: 1.82 | FZ103: =FY103*4 -> 7.28 | GA103: =YEAR(GC103) -> 2013 | GB103: =WEEKNUM(GC103) -> 44 | GC103: 41578 | GD103: 1.84 | GE103: =GD103*4 -> 7.36 | GF103: =YEAR(GH103) -> 2013 | GG103: =WEEKNUM(GH103) -> 17 | GH103: 41389 | GI103: 3.19 | GJ103: =GI103*2 -> 6.38 | GK103: =YEAR(GM103) -> 2016 | GL103: =WEEKNUM(GM103) -> 5 | GM103: 42397 | GN103: 1.59 | GO103: =GN103*2 -> 3.18
C104: {=_xlfn.IFS(MONTH(D104)<4,1,MONTH(D104)<7,2,MONTH(D104)<10,3,MONTH(D104)>9,4)&"Q"&RIGHT(YEAR(D104),2)} -> 2Q16 | D104: =EOMONTH(E104,0) -> 42551 | E104: =+I104 -> 42536 | F104: =+L104/8 -> 0.455125 | G104: =+M104/8 -> 0.3675 | I104: 42536 | J104: 3.93 | K104: 3.35 | L104: 3.641 | M104: {=INDEX($BV$29:$BV$1449,MATCH($D104,$BR$29:$BR$1449,0),)} -> 2.94 | Q104: =L104/M104-1 -> 0.23843537 | AH104: =WORKDAY(AH103,6) -> 43056 | AI104: =IFERROR(VLOOKUP(AH104,$I:$L,4,FALSE),VLOOKUP(AH104,$I:$L,4,TRUE)) -> 9.499 | AJ104: =AI104/AI103-1 -> -0.0084551148 | AK104: =AI104/AI102-1 -> -0.0080409357 | AQ104: {=_xlfn.IFS(MONTH(AR104)<4,1,MONTH(AR104)<7,2,MONTH(AR104)<10,3,MONTH(AR104)>9,4)&"Q"&RIGHT(YEAR(AR104),2)} -> 3Q20 | AR104: =EOMONTH(AS104,0) -> 44043 | AS104: 44025 | AU104: {=INDEX($CE$29:$CE$1449,MATCH($AR104,$CA$29:$CA$1449,0),)} -> 134 | AW104: {=INDEX($CF$29:$CF$1449,MATCH($AR104,$CA$29:$CA$1449,0),)} -> 270 | BO104: =YEAR(BS104) -> 2022 | BQ104: {=_xlfn.IFS(MONTH(BR104)<4,1,MONTH(BR104)<7,2,MONTH(BR104)<10,3,MONTH(BR104)>9,4)&"Q"&RIGHT(YEAR(BR104),2)} -> 3Q22 | BR104: =EOMONTH(BS104,0) -> 44834 | BS104: =EOMONTH(BS103,1) -> 44834 | BV104: 2.85 | BW104: 5.83 | BX104: 6.96 | CA104: =EOMONTH(CA103,1) -> 44834 | CB104: 63.18 | CC104: 48.6 | CD104: 24.8 | CE104: 103 | CF104: 205 | CQ104: 1.86 | CR104: 2.05 | CT104: =CB104/CC104-1 -> 0.3 | CX104: =CB104/CB103-1 -> 0 | CY104: =CC104/CC103-1 -> 0 | CZ104: =CD104/CD103-1 -> 0 | DA104: =CE104/CE103-1 -> -0.10434783 | DB104: =CF104/CF103-1 -> -0.084821429 | DM104: =CQ104/CQ103-1 -> -0.07 | DN104: =CR104/CR103-1 -> -0.076576577 | DQ104: =CE104/32 -> 3.21875 | DR104: =CF104/64 -> 3.203125 | FV104: =YEAR(FX104) -> 2011 | FW104: =WEEKNUM(FX104) -> 3 | FX104: 40555 | FY104: 1.81 | FZ104: =FY104*4 -> 7.24 | GA104: =YEAR(GC104) -> 2013 | GB104: =WEEKNUM(GC104) -> 46 | GC104: 41592 | GD104: 1.84 | GE104: =GD104*4 -> 7.36 | GF104: =YEAR(GH104) -> 2013 | GG104: =WEEKNUM(GH104) -> 17 | GH104: 41390 | GI104: 3.18 | GJ104: =GI104*2 -> 6.36 | GK104: =YEAR(GM104) -> 2016 | GL104: =WEEKNUM(GM104) -> 8 | GM104: 42415 | GN104: 1.47 | GO104: =GN104*2 -> 2.94
C105: {=_xlfn.IFS(MONTH(D105)<4,1,MONTH(D105)<7,2,MONTH(D105)<10,3,MONTH(D105)>9,4)&"Q"&RIGHT(YEAR(D105),2)} -> 2Q16 | D105: =EOMONTH(E105,0) -> 42551 | E105: =+I105 -> 42537 | F105: =+L105/8 -> 0.453375 | G105: =+M105/8 -> 0.3675 | I105: 42537 | J105: 3.95 | K105: 3.3 | L105: 3.627 | M105: {=INDEX($BV$29:$BV$1449,MATCH($D105,$BR$29:$BR$1449,0),)} -> 2.94 | Q105: =L105/M105-1 -> 0.23367347 | AH105: =WORKDAY(AH104,6) -> 43066 | AI105: =IFERROR(VLOOKUP(AH105,$I:$L,4,FALSE),VLOOKUP(AH105,$I:$L,4,TRUE)) -> 9.595 | AJ105: =AI105/AI104-1 -> 0.010106327 | AK105: =AI105/AI103-1 -> 0.001565762 | AQ105: {=_xlfn.IFS(MONTH(AR105)<4,1,MONTH(AR105)<7,2,MONTH(AR105)<10,3,MONTH(AR105)>9,4)&"Q"&RIGHT(YEAR(AR105),2)} -> 3Q20 | AR105: =EOMONTH(AS105,0) -> 44043 | AS105: 44032 | AU105: {=INDEX($CE$29:$CE$1449,MATCH($AR105,$CA$29:$CA$1449,0),)} -> 134 | AW105: {=INDEX($CF$29:$CF$1449,MATCH($AR105,$CA$29:$CA$1449,0),)} -> 270 | BO105: =YEAR(BS105) -> 2022 | BQ105: {=_xlfn.IFS(MONTH(BR105)<4,1,MONTH(BR105)<7,2,MONTH(BR105)<10,3,MONTH(BR105)>9,4)&"Q"&RIGHT(YEAR(BR105),2)} -> 4Q22 | BR105: =EOMONTH(BS105,0) -> 44865 | BS105: =EOMONTH(BS104,1) -> 44865 | BV105: 2.21 | BW105: 4.55 | BX105: 5.38 | CA105: =EOMONTH(CA104,1) -> 44865 | CB105: 48 | CC105: 38.4 | CD105: 19.7 | CE105: 95 | CF105: 186 | CQ105: 1.65 | CR105: 1.85 | CT105: =CB105/CC105-1 -> 0.25 | CX105: =CB105/CB104-1 -> -0.24026591 | CY105: =CC105/CC104-1 -> -0.20987654 | CZ105: =CD105/CD104-1 -> -0.20564516 | DA105: =CE105/CE104-1 -> -0.077669903 | DB105: =CF105/CF104-1 -> -0.092682927 | DM105: =CQ105/CQ104-1 -> -0.11290323 | DN105: =CR105/CR104-1 -> -0.097560976 | DQ105: =CE105/32 -> 2.96875 | DR105: =CF105/64 -> 2.90625 | FV105: =YEAR(FX105) -> 2011 | FW105: =WEEKNUM(FX105) -> 3 | FX105: 40556 | FY105: 1.81 | FZ105: =FY105*4 -> 7.24 | GA105: =YEAR(GC105) -> 2013 | GB105: =WEEKNUM(GC105) -> 48 | GC105: 41607 | GD105: 1.91 | GE105: =GD105*4 -> 7.64 | GF105: =YEAR(GH105) -> 2013 | GG105: =WEEKNUM(GH105) -> 18 | GH105: 41393 | GI105: 3.18 | GJ105: =GI105*2 -> 6.36 | GK105: =YEAR(GM105) -> 2016 | GL105: =WEEKNUM(GM105) -> 9 | GM105: 42426 | GN105: 1.47 | GO105: =GN105*2 -> 2.94
C106: {=_xlfn.IFS(MONTH(D106)<4,1,MONTH(D106)<7,2,MONTH(D106)<10,3,MONTH(D106)>9,4)&"Q"&RIGHT(YEAR(D106),2)} -> 2Q16 | D106: =EOMONTH(E106,0) -> 42551 | E106: =+I106 -> 42538 | F106: =+L106/8 -> 0.453375 | G106: =+M106/8 -> 0.3675 | I106: 42538 | J106: 3.95 | K106: 3.3 | L106: 3.627 | M106: {=INDEX($BV$29:$BV$1449,MATCH($D106,$BR$29:$BR$1449,0),)} -> 2.94 | Q106: =L106/M106-1 -> 0.23367347 | AH106: =WORKDAY(AH105,6) -> 43074 | AI106: =IFERROR(VLOOKUP(AH106,$I:$L,4,FALSE),VLOOKUP(AH106,$I:$L,4,TRUE)) -> 9.668 | AJ106: =AI106/AI105-1 -> 0.0076081292 | AK106: =AI106/AI104-1 -> 0.017791346 | AQ106: {=_xlfn.IFS(MONTH(AR106)<4,1,MONTH(AR106)<7,2,MONTH(AR106)<10,3,MONTH(AR106)>9,4)&"Q"&RIGHT(YEAR(AR106),2)} -> 3Q20 | AR106: =EOMONTH(AS106,0) -> 44043 | AS106: 44039 | AU106: {=INDEX($CE$29:$CE$1449,MATCH($AR106,$CA$29:$CA$1449,0),)} -> 134 | AW106: {=INDEX($CF$29:$CF$1449,MATCH($AR106,$CA$29:$CA$1449,0),)} -> 270 | BO106: =YEAR(BS106) -> 2022 | BQ106: {=_xlfn.IFS(MONTH(BR106)<4,1,MONTH(BR106)<7,2,MONTH(BR106)<10,3,MONTH(BR106)>9,4)&"Q"&RIGHT(YEAR(BR106),2)} -> 4Q22 | BR106: =EOMONTH(BS106,0) -> 44895 | BS106: =EOMONTH(BS105,1) -> 44895 | BV106: 2.21 | BW106: 4.55 | BX106: 5.38 | CA106: =EOMONTH(CA105,1) -> 44895 | CB106: 48 | CC106: 38.4 | CD106: 19.7 | CE106: 85 | CF106: 170 | CQ106: 1.5 | CR106: 1.67 | CT106: =CB106/CC106-1 -> 0.25 | CX106: =CB106/CB105-1 -> 0 | CY106: =CC106/CC105-1 -> 0 | CZ106: =CD106/CD105-1 -> 0 | DA106: =CE106/CE105-1 -> -0.10526316 | DB106: =CF106/CF105-1 -> -0.086021505 | DM106: =CQ106/CQ105-1 -> -0.090909091 | DN106: =CR106/CR105-1 -> -0.097297297 | DQ106: =CE106/32 -> 2.65625 | DR106: =CF106/64 -> 2.65625 | FV106: =YEAR(FX106) -> 2011 | FW106: =WEEKNUM(FX106) -> 3 | FX106: 40557 | FY106: 1.8 | FZ106: =FY106*4 -> 7.2 | GA106: =YEAR(GC106) -> 2013 | GB106: =WEEKNUM(GC106) -> 51 | GC106: 41624 | GD106: 1.97 | GE106: =GD106*4 -> 7.88 | GF106: =YEAR(GH106) -> 2013 | GG106: =WEEKNUM(GH106) -> 18 | GH106: 41394 | GI106: 3.19 | GJ106: =GI106*2 -> 6.38 | GK106: =YEAR(GM106) -> 2016 | GL106: =WEEKNUM(GM106) -> 12 | GM106: 42444 | GN106: 1.38 | GO106: =GN106*2 -> 2.76
C107: {=_xlfn.IFS(MONTH(D107)<4,1,MONTH(D107)<7,2,MONTH(D107)<10,3,MONTH(D107)>9,4)&"Q"&RIGHT(YEAR(D107),2)} -> 2Q16 | D107: =EOMONTH(E107,0) -> 42551 | E107: =+I107 -> 42541 | F107: =+L107/8 -> 0.453375 | G107: =+M107/8 -> 0.3675 | I107: 42541 | J107: 3.95 | K107: 3.3 | L107: 3.627 | M107: {=INDEX($BV$29:$BV$1449,MATCH($D107,$BR$29:$BR$1449,0),)} -> 2.94 | Q107: =L107/M107-1 -> 0.23367347 | AH107: =WORKDAY(AH106,6) -> 43082 | AI107: =IFERROR(VLOOKUP(AH107,$I:$L,4,FALSE),VLOOKUP(AH107,$I:$L,4,TRUE)) -> 9.666 | AJ107: =AI107/AI106-1 -> -0.00020686802 | AK107: =AI107/AI105-1 -> 0.0073996873 | AQ107: {=_xlfn.IFS(MONTH(AR107)<4,1,MONTH(AR107)<7,2,MONTH(AR107)<10,3,MONTH(AR107)>9,4)&"Q"&RIGHT(YEAR(AR107),2)} -> 3Q20 | AR107: =EOMONTH(AS107,0) -> 44074 | AS107: 44046 | AU107: {=INDEX($CE$29:$CE$1449,MATCH($AR107,$CA$29:$CA$1449,0),)} -> 128 | AW107: {=INDEX($CF$29:$CF$1449,MATCH($AR107,$CA$29:$CA$1449,0),)} -> 258 | BO107: =YEAR(BS107) -> 2022 | BQ107: {=_xlfn.IFS(MONTH(BR107)<4,1,MONTH(BR107)<7,2,MONTH(BR107)<10,3,MONTH(BR107)>9,4)&"Q"&RIGHT(YEAR(BR107),2)} -> 4Q22 | BR107: =EOMONTH(BS107,0) -> 44926 | BS107: =EOMONTH(BS106,1) -> 44926 | BV107: 2.21 | BW107: 4.55 | BX107: 5.38 | CA107: =EOMONTH(CA106,1) -> 44926 | CB107: 48 | CC107: 38.4 | CD107: 19.7 | CE107: 80 | CF107: 155 | CQ107: 1.45 | CR107: 1.55 | CT107: =CB107/CC107-1 -> 0.25 | CX107: =CB107/CB106-1 -> 0 | CY107: =CC107/CC106-1 -> 0 | CZ107: =CD107/CD106-1 -> 0 | DA107: =CE107/CE106-1 -> -0.058823529 | DB107: =CF107/CF106-1 -> -0.088235294 | DM107: =CQ107/CQ106-1 -> -0.033333333 | DN107: =CR107/CR106-1 -> -0.071856287 | DQ107: =CE107/32 -> 2.5 | DR107: =CF107/64 -> 2.421875 | FV107: =YEAR(FX107) -> 2011 | FW107: =WEEKNUM(FX107) -> 4 | FX107: 40560 | FY107: 1.79 | FZ107: =FY107*4 -> 7.16 | GA107: =YEAR(GC107) -> 2013 | GB107: =WEEKNUM(GC107) -> 53 | GC107: 41639 | GD107: 1.97 | GE107: =GD107*4 -> 7.88 | GF107: =YEAR(GH107) -> 2013 | GG107: =WEEKNUM(GH107) -> 18 | GH107: 41396 | GI107: 3.2 | GJ107: =GI107*2 -> 6.4 | GK107: =YEAR(GM107) -> 2016 | GL107: =WEEKNUM(GM107) -> 14 | GM107: 42460 | GN107: 1.38 | GO107: =GN107*2 -> 2.76
... C110: {=_xlfn.IFS(MONTH(D110)<4,1,MONTH(D110)<7,2,MONTH(D110)<10,3,MONTH(D110)>9,4)&"Q"&RIGHT(YEAR(D110),2)} -> 2Q16 | D110: =EOMONTH(E110,0) -> 42551 | E110: =+I110 -> 42544 | F110: =+L110/8 -> 0.453375 | G110: =+M110/8 -> 0.3675 | I110: 42544 | J110: 3.95 | K110: 3.3 | L110: 3.627 | M110: {=INDEX($BV$29:$BV$1449,MATCH($D110,$BR$29:$BR$1449,0),)} -> 2.94 | Q110: =L110/M110-1 -> 0.23367347 | AH110: =WORKDAY(AH109,6) -> 43108 | AI110: =IFERROR(VLOOKUP(AH110,$I:$L,4,FALSE),VLOOKUP(AH110,$I:$L,4,TRUE)) -> 9.649 | AJ110: =AI110/AI109-1 -> 0.005942452 | AK110: =AI110/AI108-1 -> 0.003014553 | AQ110: {=_xlfn.IFS(MONTH(AR110)<4,1,MONTH(AR110)<7,2,MONTH(AR110)<10,3,MONTH(AR110)>9,4)&"Q"&RIGHT(YEAR(AR110),2)} -> 3Q20 | AR110: =EOMONTH(AS110,0) -> 44074 | AS110: 44067 | AU110: {=INDEX($CE$29:$CE$1449,MATCH($AR110,$CA$29:$CA$1449,0),)} -> 128 | AW110: {=INDEX($CF$29:$CF$1449,MATCH($AR110,$CA$29:$CA$1449,0),)} -> 258 | BO110: =YEAR(BS110) -> 2023 | BQ110: {=_xlfn.IFS(MONTH(BR110)<4,1,MONTH(BR110)<7,2,MONTH(BR110)<10,3,MONTH(BR110)>9,4)&"Q"&RIGHT(YEAR(BR110),2)} -> 1Q23 | BR110: =EOMONTH(BS110,0) -> 45016 | BS110: =EOMONTH(BS109,1) -> 45016 | BV110: 1.81 | BW110: 3.75 | BX110: 4 | CA110: =EOMONTH(CA109,1) -> 45016 | CB110: 36.8 | CC110: 32 | CD110: 16.5 | CE110: 60 | CF110: 117 | CQ110: 1.17 | CR110: 1.2 | CT110: =CB110/CC110-1 -> 0.15 | CX110: =CB110/CB109-1 -> 0 | CY110: =CC110/CC109-1 -> 0 | CZ110: =CD110/CD109-1 -> 0 | DA110: =CE110/CE109-1 -> -0.10447761 | DB110: =CF110/CF109-1 -> -0.093023256 | DM110: =CQ110/CQ109-1 -> -0.056451613 | DN110: =CR110/CR109-1 -> -0.076923077 | DQ110: =CE110/32 -> 1.875 | DR110: =CF110/64 -> 1.828125 | FV110: =YEAR(FX110) -> 2011 | FW110: =WEEKNUM(FX110) -> 4 | FX110: 40563 | FY110: 1.77 | FZ110: =FY110*4 -> 7.08 | GA110: =YEAR(GC110) -> 2014 | GB110: =WEEKNUM(GC110) -> 8 | GC110: 41687 | GD110: 1.88 | GE110: =GD110*4 -> 7.52 | GF110: =YEAR(GH110) -> 2013 | GG110: =WEEKNUM(GH110) -> 19 | GH110: 41401 | GI110: 3.2 | GJ110: =GI110*2 -> 6.4 | GK110: =YEAR(GM110) -> 2016 | GL110: =WEEKNUM(GM110) -> 21 | GM110: 42506 | GN110: 1.25 | GO110: =GN110*2 -> 2.5
C111: {=_xlfn.IFS(MONTH(D111)<4,1,MONTH(D111)<7,2,MONTH(D111)<10,3,MONTH(D111)>9,4)&"Q"&RIGHT(YEAR(D111),2)} -> 2Q16 | D111: =EOMONTH(E111,0) -> 42551 | E111: =+I111 -> 42545 | F111: =+L111/8 -> 0.453375 | G111: =+M111/8 -> 0.3675 | I111: 42545 | J111: 3.95 | K111: 3.3 | L111: 3.627 | M111: {=INDEX($BV$29:$BV$1449,MATCH($D111,$BR$29:$BR$1449,0),)} -> 2.94 | Q111: =L111/M111-1 -> 0.23367347 | AH111: =WORKDAY(AH110,6) -> 43116 | AI111: =IFERROR(VLOOKUP(AH111,$I:$L,4,FALSE),VLOOKUP(AH111,$I:$L,4,TRUE)) -> 9.65 | AJ111: =AI111/AI110-1 -> 0.00010363768 | AK111: =AI111/AI109-1 -> 0.0060467056 | AQ111: {=_xlfn.IFS(MONTH(AR111)<4,1,MONTH(AR111)<7,2,MONTH(AR111)<10,3,MONTH(AR111)>9,4)&"Q"&RIGHT(YEAR(AR111),2)} -> 3Q20 | AR111: =EOMONTH(AS111,0) -> 44074 | AS111: 44074 | AU111: {=INDEX($CE$29:$CE$1449,MATCH($AR111,$CA$29:$CA$1449,0),)} -> 128 | AW111: {=INDEX($CF$29:$CF$1449,MATCH($AR111,$CA$29:$CA$1449,0),)} -> 258 | BO111: =YEAR(BS111) -> 2023 | BQ111: {=_xlfn.IFS(MONTH(BR111)<4,1,MONTH(BR111)<7,2,MONTH(BR111)<10,3,MONTH(BR111)>9,4)&"Q"&RIGHT(YEAR(BR111),2)} -> 2Q23 | BR111: =EOMONTH(BS111,0) -> 45046 | BS111: =EOMONTH(BS110,1) -> 45046 | BV111: 1.45 | BW111: 3.03 | BX111: 3.17 | CA111: =EOMONTH(CA110,1) -> 45046 | CB111: 30.13 | CC111: 26.2 | CD111: 13.6 | CE111: 54 | CF111: 109 | CG111: =CG112/(1-2.41%) -> 87.150323 | CH111: =CH112/(1-3.23%) -> 162.75705 | CI111: =CI112/(1-2.41%) -> 83.000307 | CJ111: =CJ112/(1-3.23%) -> 155.00672 | CO111: =AVERAGE(CI111,CG111) -> 85.075315 | CP111: =AVERAGE(CJ111,CH111) -> 158.88188 | CQ111: 1.11 | CR111: 1.11 | CT111: =CB111/CC111-1 -> 0.15 | CU111: =CO111/CE111-1 -> 0.5754688 | CV111: =CP111/CF111-1 -> 0.45763197 | CX111: =CB111/CB110-1 -> -0.18125 | CY111: =CC111/CC110-1 -> -0.18125 | CZ111: =CD111/CD110-1 -> -0.17575758 | DA111: =CE111/CE110-1 -> -0.1 | DB111: =CF111/CF110-1 -> -0.068376068 | DM111: =CQ111/CQ110-1 -> -0.051282051 | DN111: =CR111/CR110-1 -> -0.075 | DQ111: =CE111/32 -> 1.6875 | DR111: =CF111/64 -> 1.703125 | DS111: =CO111/32 -> 2.6586036 | DT111: =CP111/64 -> 2.4825295 | FV111: =YEAR(FX111) -> 2011 | FW111: =WEEKNUM(FX111) -> 4 | FX111: 40564 | FY111: 1.76 | FZ111: =FY111*4 -> 7.04 | GA111: =YEAR(GC111) -> 2014 | GB111: =WEEKNUM(GC111) -> 9 | GC111: 41697 | GD111: 1.84 | GE111: =GD111*4 -> 7.36 | GF111: =YEAR(GH111) -> 2013 | GG111: =WEEKNUM(GH111) -> 19 | GH111: 41402 | GI111: 3.18 | GJ111: =GI111*2 -> 6.36 | GK111: =YEAR(GM111) -> 2016 | GL111: =WEEKNUM(GM111) -> 23 | GM111: 42521 | GN111: 1.25 | GO111: =GN111*2 -> 2.5
C112: {=_xlfn.IFS(MONTH(D112)<4,1,MONTH(D112)<7,2,MONTH(D112)<10,3,MONTH(D112)>9,4)&"Q"&RIGHT(YEAR(D112),2)} -> 2Q16 | D112: =EOMONTH(E112,0) -> 42551 | E112: =+I112 -> 42548 | F112: =+L112/8 -> 0.454125 | G112: =+M112/8 -> 0.3675 | I112: 42548 | J112: 3.95 | K112: 3.3 | L112: 3.633 | M112: {=INDEX($BV$29:$BV$1449,MATCH($D112,$BR$29:$BR$1449,0),)} -> 2.94 | Q112: =L112/M112-1 -> 0.23571429 | AH112: =WORKDAY(AH111,6) -> 43124 | AI112: =IFERROR(VLOOKUP(AH112,$I:$L,4,FALSE),VLOOKUP(AH112,$I:$L,4,TRUE)) -> 9.583 | AJ112: =AI112/AI111-1 -> -0.0069430052 | AK112: =AI112/AI110-1 -> -0.0068400871 | AQ112: {=_xlfn.IFS(MONTH(AR112)<4,1,MONTH(AR112)<7,2,MONTH(AR112)<10,3,MONTH(AR112)>9,4)&"Q"&RIGHT(YEAR(AR112),2)} -> 3Q20 | AR112: =EOMONTH(AS112,0) -> 44104 | AS112: 44081 | AU112: {=INDEX($CE$29:$CE$1449,MATCH($AR112,$CA$29:$CA$1449,0),)} -> 122 | AW112: {=INDEX($CF$29:$CF$1449,MATCH($AR112,$CA$29:$CA$1449,0),)} -> 246 | BO112: =YEAR(BS112) -> 2023 | BQ112: {=_xlfn.IFS(MONTH(BR112)<4,1,MONTH(BR112)<7,2,MONTH(BR112)<10,3,MONTH(BR112)>9,4)&"Q"&RIGHT(YEAR(BR112),2)} -> 2Q23 | BR112: =EOMONTH(BS112,0) -> 45077 | BS112: =EOMONTH(BS111,1) -> 45077 | BV112: 1.4 | BW112: 2.93 | BX112: 3.17 | CA112: =EOMONTH(CA111,1) -> 45077 | CB112: 29.21 | CC112: 25.4 | CD112: 13.2 | CE112: 51 | CF112: 103 | CG112: 85.05 | CH112: 157.5 | CI112: 81 | CJ112: 150 | CO112: =AVERAGE(CI112,CG112) -> 83.025 | CP112: =AVERAGE(CJ112,CH112) -> 153.75 | CQ112: 1.08 | CR112: 1.08 | CT112: =CB112/CC112-1 -> 0.15 | CU112: =CO112/CE112-1 -> 0.62794118 | CV112: =CP112/CF112-1 -> 0.49271845 | CX112: =CB112/CB111-1 -> -0.030534351 | CY112: =CC112/CC111-1 -> -0.030534351 | CZ112: =CD112/CD111-1 -> -0.029411765 | DA112: =CE112/CE111-1 -> -0.055555556 | DB112: =CF112/CF111-1 -> -0.055045872 | DC112: =CG112/CG111-1 -> -0.0241 | DD112: =CH112/CH111-1 -> -0.0323 | DE112: -0.0241 | DF112: -0.0323 | DK112: -0.0323 | DL112: -0.0323 | DM112: =CQ112/CQ111-1 -> -0.027027027 | DN112: =CR112/CR111-1 -> -0.027027027 | DQ112: =CE112/32 -> 1.59375 | DR112: =CF112/64 -> 1.609375 | DS112: =CO112/32 -> 2.5945313 | DT112: =CP112/64 -> 2.4023438 | FV112: =YEAR(FX112) -> 2011 | FW112: =WEEKNUM(FX112) -> 5 | FX112: 40567 | FY112: 1.77 | FZ112: =FY112*4 -> 7.08 | GA112: =YEAR(GC112) -> 2014 | GB112: =WEEKNUM(GC112) -> 12 | GC112: 41715 | GD112: 1.84 | GE112: =GD112*4 -> 7.36 | GF112: =YEAR(GH112) -> 2013 | GG112: =WEEKNUM(GH112) -> 19 | GH112: 41403 | GI112: 3.17 | GJ112: =GI112*2 -> 6.34 | GK112: =YEAR(GM112) -> 2016 | GL112: =WEEKNUM(GM112) -> 25 | GM112: 42536 | GN112: 1.25 | GO112: =GN112*2 -> 2.5
C113: {=_xlfn.IFS(MONTH(D113)<4,1,MONTH(D113)<7,2,MONTH(D113)<10,3,MONTH(D113)>9,4)&"Q"&RIGHT(YEAR(D113),2)} -> 2Q16 | D113: =EOMONTH(E113,0) -> 42551 | E113: =+I113 -> 42549 | F113: =+L113/8 -> 0.454125 | G113: =+M113/8 -> 0.3675 | I113: 42549 | J113: 3.95 | K113: 3.3 | L113: 3.633 | M113: {=INDEX($BV$29:$BV$1449,MATCH($D113,$BR$29:$BR$1449,0),)} -> 2.94 | Q113: =L113/M113-1 -> 0.23571429 | AH113: =WORKDAY(AH112,6) -> 43132 | AI113: =IFERROR(VLOOKUP(AH113,$I:$L,4,FALSE),VLOOKUP(AH113,$I:$L,4,TRUE)) -> 9.364 | AJ113: =AI113/AI112-1 -> -0.022852969 | AK113: =AI113/AI111-1 -> -0.029637306 | AQ113: {=_xlfn.IFS(MONTH(AR113)<4,1,MONTH(AR113)<7,2,MONTH(AR113)<10,3,MONTH(AR113)>9,4)&"Q"&RIGHT(YEAR(AR113),2)} -> 3Q20 | AR113: =EOMONTH(AS113,0) -> 44104 | AS113: 44088 | AU113: {=INDEX($CE$29:$CE$1449,MATCH($AR113,$CA$29:$CA$1449,0),)} -> 122 | AW113: {=INDEX($CF$29:$CF$1449,MATCH($AR113,$CA$29:$CA$1449,0),)} -> 246 | BO113: =YEAR(BS113) -> 2023 | BQ113: {=_xlfn.IFS(MONTH(BR113)<4,1,MONTH(BR113)<7,2,MONTH(BR113)<10,3,MONTH(BR113)>9,4)&"Q"&RIGHT(YEAR(BR113),2)} -> 2Q23 | BR113: =EOMONTH(BS113,0) -> 45107 | BS113: =EOMONTH(BS112,1) -> 45107 | BV113: 1.36 | BW113: 2.85 | BX113: 3.17 | CA113: =EOMONTH(CA112,1) -> 45107 | CB113: 28.52 | CC113: 24.8 | CD113: 12.9 | CE113: 49.5 | CF113: 100 | CG113: 81.9 | CH113: 152.25 | CI113: 78 | CJ113: 145 | CO113: =AVERAGE(CI113,CG113) -> 79.95 | CP113: =AVERAGE(CJ113,CH113) -> 148.625 | CQ113: 1.05 | CR113: 1.05 | CT113: =CB113/CC113-1 -> 0.15 | CU113: =CO113/CE113-1 -> 0.61515152 | CV113: =CP113/CF113-1 -> 0.48625 | CX113: =CB113/CB112-1 -> -0.023622047 | CY113: =CC113/CC112-1 -> -0.023622047 | CZ113: =CD113/CD112-1 -> -0.022727273 | DA113: =CE113/CE112-1 -> -0.029411765 | DB113: =CF113/CF112-1 -> -0.029126214 | DC113: =CG113/CG112-1 -> -0.037037037 | DD113: =CH113/CH112-1 -> -0.033333333 | DE113: =CI113/CI112-1 -> -0.037037037 | DF113: =CJ113/CJ112-1 -> -0.033333333 | DK113: =CO113/CO112-1 -> -0.037037037 | DL113: =CP113/CP112-1 -> -0.033333333 | DM113: =CQ113/CQ112-1 -> -0.027777778 | DN113: =CR113/CR112-1 -> -0.027777778 | DQ113: =CE113/32 -> 1.546875 | DR113: =CF113/64 -> 1.5625 | DS113: =CO113/32 -> 2.4984375 | DT113: =CP113/64 -> 2.3222656 | FV113: =YEAR(FX113) -> 2011 | FW113: =WEEKNUM(FX113) -> 5 | FX113: 40568 | FY113: 1.8 | FZ113: =FY113*4 -> 7.2 | GA113: =YEAR(GC113) -> 2014 | GB113: =WEEKNUM(GC113) -> 14 | GC113: 41729 | GD113: 1.81 | GE113: =GD113*4 -> 7.24 | GF113: =YEAR(GH113) -> 2013 | GG113: =WEEKNUM(GH113) -> 19 | GH113: 41404 | GI113: 3.17 | GJ113: =GI113*2 -> 6.34 | GK113: =YEAR(GM113) -> 2016 | GL113: =WEEKNUM(GM113) -> 27 | GM113: 42551 | GN113: 1.25 | GO113: =GN113*2 -> 2.5
C114: {=_xlfn.IFS(MONTH(D114)<4,1,MONTH(D114)<7,2,MONTH(D114)<10,3,MONTH(D114)>9,4)&"Q"&RIGHT(YEAR(D114),2)} -> 2Q16 | D114: =EOMONTH(E114,0) -> 42551 | E114: =+I114 -> 42550 | F114: =+L114/8 -> 0.454125 | G114: =+M114/8 -> 0.3675 | I114: 42550 | J114: 3.95 | K114: 3.3 | L114: 3.633 | M114: {=INDEX($BV$29:$BV$1449,MATCH($D114,$BR$29:$BR$1449,0),)} -> 2.94 | Q114: =L114/M114-1 -> 0.23571429 | AH114: =WORKDAY(AH113,6) -> 43140 | AI114: =IFERROR(VLOOKUP(AH114,$I:$L,4,FALSE),VLOOKUP(AH114,$I:$L,4,TRUE)) -> 9.265 | AJ114: =AI114/AI113-1 -> -0.010572405 | AK114: =AI114/AI112-1 -> -0.033183763 | AQ114: {=_xlfn.IFS(MONTH(AR114)<4,1,MONTH(AR114)<7,2,MONTH(AR114)<10,3,MONTH(AR114)>9,4)&"Q"&RIGHT(YEAR(AR114),2)} -> 3Q20 | AR114: =EOMONTH(AS114,0) -> 44104 | AS114: 44095 | AU114: {=INDEX($CE$29:$CE$1449,MATCH($AR114,$CA$29:$CA$1449,0),)} -> 122 | AW114: {=INDEX($CF$29:$CF$1449,MATCH($AR114,$CA$29:$CA$1449,0),)} -> 246 | BO114: =YEAR(BS114) -> 2023 | BQ114: {=_xlfn.IFS(MONTH(BR114)<4,1,MONTH(BR114)<7,2,MONTH(BR114)<10,3,MONTH(BR114)>9,4)&"Q"&RIGHT(YEAR(BR114),2)} -> 3Q23 | BR114: =EOMONTH(BS114,0) -> 45138 | BS114: =EOMONTH(BS113,1) -> 45138 | BV114: 1.34 | BW114: 2.8 | BX114: 3.17 | CA114: =EOMONTH(CA113,1) -> 45138 | CB114: 29.6 | CC114: 24.4 | CD114: 12.7 | CE114: 48 | CF114: 96 | CG114: 80.85 | CH114: 151.2 | CI114: 77 | CJ114: 144 | CO114: =AVERAGE(CI114,CG114) -> 78.925 | CP114: =AVERAGE(CJ114,CH114) -> 147.6 | CQ114: 1.02 | CR114: 1.02 | CT114: =CB114/CC114-1 -> 0.21311475 | CU114: =CO114/CE114-1 -> 0.64427083 | CV114: =CP114/CF114-1 -> 0.5375 | CX114: =CB114/CB113-1 -> 0.037868163 | CY114: =CC114/CC113-1 -> -0.016129032 | CZ114: =CD114/CD113-1 -> -0.015503876 | DA114: =CE114/CE113-1 -> -0.03030303 | DB114: =CF114/CF113-1 -> -0.04 | DC114: =CG114/CG113-1 -> -0.012820513 | DD114: =CH114/CH113-1 -> -0.0068965517 | DE114: =CI114/CI113-1 -> -0.012820513 | DF114: =CJ114/CJ113-1 -> -0.0068965517 | DK114: =CO114/CO113-1 -> -0.012820513 | DL114: =CP114/CP113-1 -> -0.0068965517 | DM114: =CQ114/CQ113-1 -> -0.028571429 | DN114: =CR114/CR113-1 -> -0.028571429 | DQ114: =CE114/32 -> 1.5 | DR114: =CF114/64 -> 1.5 | DS114: =CO114/32 -> 2.4664062 | DT114: =CP114/64 -> 2.30625 | FV114: =YEAR(FX114) -> 2011 | FW114: =WEEKNUM(FX114) -> 5 | FX114: 40569 | FY114: 1.83 | FZ114: =FY114*4 -> 7.32 | GA114: =YEAR(GC114) -> 2014 | GB114: =WEEKNUM(GC114) -> 16 | GC114: 41743 | GD114: 1.75 | GE114: =GD114*4 -> 7 | GF114: =YEAR(GH114) -> 2013 | GG114: =WEEKNUM(GH114) -> 20 | GH114: 41407 | GI114: 3.17 | GJ114: =GI114*2 -> 6.34 | GK114: =YEAR(GM114) -> 2016 | GL114: =WEEKNUM(GM114) -> 29 | GM114: 42566 | GN114: 1.34 | GO114: =GN114*2 -> 2.68
C115: {=_xlfn.IFS(MONTH(D115)<4,1,MONTH(D115)<7,2,MONTH(D115)<10,3,MONTH(D115)>9,4)&"Q"&RIGHT(YEAR(D115),2)} -> 2Q16 | D115: =EOMONTH(E115,0) -> 42551 | E115: =+I115 -> 42551 | F115: =+L115/8 -> 0.454125 | G115: =+M115/8 -> 0.3675 | I115: 42551 | J115: 3.95 | K115: 3.3 | L115: 3.633 | M115: {=INDEX($BV$29:$BV$1449,MATCH($D115,$BR$29:$BR$1449,0),)} -> 2.94 | Q115: =L115/M115-1 -> 0.23571429 | AH115: =WORKDAY(AH114,6) -> 43150 | AI115: =IFERROR(VLOOKUP(AH115,$I:$L,4,FALSE),VLOOKUP(AH115,$I:$L,4,TRUE)) -> 9.264 | AJ115: =AI115/AI114-1 -> -0.00010793308 | AK115: =AI115/AI113-1 -> -0.010679197 | AQ115: {=_xlfn.IFS(MONTH(AR115)<4,1,MONTH(AR115)<7,2,MONTH(AR115)<10,3,MONTH(AR115)>9,4)&"Q"&RIGHT(YEAR(AR115),2)} -> 3Q20 | AR115: =EOMONTH(AS115,0) -> 44104 | AS115: 44102 | AU115: {=INDEX($CE$29:$CE$1449,MATCH($AR115,$CA$29:$CA$1449,0),)} -> 122 | AW115: {=INDEX($CF$29:$CF$1449,MATCH($AR115,$CA$29:$CA$1449,0),)} -> 246 | BO115: =YEAR(BS115) -> 2023 | BQ115: {=_xlfn.IFS(MONTH(BR115)<4,1,MONTH(BR115)<7,2,MONTH(BR115)<10,3,MONTH(BR115)>9,4)&"Q"&RIGHT(YEAR(BR115),2)} -> 3Q23 | BR115: =EOMONTH(BS115,0) -> 45169 | BS115: =EOMONTH(BS114,1) -> 45169 | BV115: 1.3 | BW115: 2.73 | BX115: 3.4 | CA115: =EOMONTH(CA114,1) -> 45169 | CB115: 29.6 | CC115: 23.8 | CD115: 12.4 | CE115: 47.5 | CF115: 94 | CG115: 80.85 | CH115: 151.2 | CI115: 77 | CJ115: 144 | CO115: =AVERAGE(CI115,CG115) -> 78.925 | CP115: =AVERAGE(CJ115,CH115) -> 147.6 | CQ115: 1.02 | CR115: 1.02 | CT115: =CB115/CC115-1 -> 0.24369748 | CU115: =CO115/CE115-1 -> 0.66157895 | CV115: =CP115/CF115-1 -> 0.57021277 | CX115: =CB115/CB114-1 -> 0 | CY115: =CC115/CC114-1 -> -0.024590164 | CZ115: =CD115/CD114-1 -> -0.023622047 | DA115: =CE115/CE114-1 -> -0.010416667 | DB115: =CF115/CF114-1 -> -0.020833333 | DC115: =CG115/CG114-1 -> 0 | DD115: =CH115/CH114-1 -> 0 | DE115: =CI115/CI114-1 -> 0 | DF115: =CJ115/CJ114-1 -> 0 | DK115: =CO115/CO114-1 -> 0 | DL115: =CP115/CP114-1 -> 0 | DM115: =CQ115/CQ114-1 -> 0 | DN115: =CR115/CR114-1 -> 0 | DQ115: =CE115/32 -> 1.484375 | DR115: =CF115/64 -> 1.46875 | DS115: =CO115/32 -> 2.4664062 | DT115: =CP115/64 -> 2.30625 | FV115: =YEAR(FX115) -> 2011 | FW115: =WEEKNUM(FX115) -> 5 | FX115: 40570 | FY115: 2.03 | FZ115: =FY115*4 -> 8.12 | GF115: =YEAR(GH115) -> 2013 | GG115: =WEEKNUM(GH115) -> 20 | GH115: 41408 | GI115: 3.17 | GJ115: =GI115*2 -> 6.34 | GK115: =YEAR(GM115) -> 2016 | GL115: =WEEKNUM(GM115) -> 31 | GM115: 42581 | GN115: 1.34 | GO115: =GN115*2 -> 2.68
C116: {=_xlfn.IFS(MONTH(D116)<4,1,MONTH(D116)<7,2,MONTH(D116)<10,3,MONTH(D116)>9,4)&"Q"&RIGHT(YEAR(D116),2)} -> 3Q16 | D116: =EOMONTH(E116,0) -> 42582 | E116: =+I116 -> 42552 | F116: =+L116/8 -> 0.454125 | G116: =+M116/8 -> 0.375 | I116: 42552 | J116: 3.95 | K116: 3.3 | L116: 3.633 | M116: {=INDEX($BV$29:$BV$1449,MATCH($D116,$BR$29:$BR$1449,0),)} -> 3 | Q116: =L116/M116-1 -> 0.211 | AH116: =WORKDAY(AH115,6) -> 43158 | AI116: =IFERROR(VLOOKUP(AH116,$I:$L,4,FALSE),VLOOKUP(AH116,$I:$L,4,TRUE)) -> 9.17 | AJ116: =AI116/AI115-1 -> -0.010146805 | AK116: =AI116/AI114-1 -> -0.010253643 | AQ116: {=_xlfn.IFS(MONTH(AR116)<4,1,MONTH(AR116)<7,2,MONTH(AR116)<10,3,MONTH(AR116)>9,4)&"Q"&RIGHT(YEAR(AR116),2)} -> 4Q20 | AR116: =EOMONTH(AS116,0) -> 44135 | AS116: 44109 | AU116: {=INDEX($CE$29:$CE$1449,MATCH($AR116,$CA$29:$CA$1449,0),)} -> 112 | AW116: {=INDEX($CF$29:$CF$1449,MATCH($AR116,$CA$29:$CA$1449,0),)} -> 228 | BO116: =YEAR(BS116) -> 2023 | BQ116: {=_xlfn.IFS(MONTH(BR116)<4,1,MONTH(BR116)<7,2,MONTH(BR116)<10,3,MONTH(BR116)>9,4)&"Q"&RIGHT(YEAR(BR116),2)} -> 3Q23 | BR116: =EOMONTH(BS116,0) -> 45199 | BS116: =EOMONTH(BS115,1) -> 45199 | BV116: 1.3 | BW116: 2.73 | BX116: 3.4 | CA116: =EOMONTH(CA115,1) -> 45199 | CB116: 29.6 | CC116: 23.8 | CD116: 12.4 | CE116: 47.5 | CF116: 94 | CG116: 80.85 | CH116: 151.2 | CI116: 77 | CJ116: 144 | CO116: =AVERAGE(CI116,CG116) -> 78.925 | CP116: =AVERAGE(CJ116,CH116) -> 147.6 | CQ116: 1.02 | CR116: 1.02 | CT116: =CB116/CC116-1 -> 0.24369748 | CU116: =CO116/CE116-1 -> 0.66157895 | CV116: =CP116/CF116-1 -> 0.57021277 | CX116: =CB116/CB115-1 -> 0 | CY116: =CC116/CC115-1 -> 0 | CZ116: =CD116/CD115-1 -> 0 | DA116: =CE116/CE115-1 -> 0 | DB116: =CF116/CF115-1 -> 0 | DC116: =CG116/CG115-1 -> 0 | DD116: =CH116/CH115-1 -> 0 | DE116: =CI116/CI115-1 -> 0 | DF116: =CJ116/CJ115-1 -> 0 | DK116: =CO116/CO115-1 -> 0 | DL116: =CP116/CP115-1 -> 0 | DM116: =CQ116/CQ115-1 -> 0 | DN116: =CR116/CR115-1 -> 0 | DQ116: =CE116/32 -> 1.484375 | DR116: =CF116/64 -> 1.46875 | DS116: =CO116/32 -> 2.4664062 | DT116: =CP116/64 -> 2.30625 | FV116: =YEAR(FX116) -> 2011 | FW116: =WEEKNUM(FX116) -> 5 | FX116: 40571 | FY116: 2.24 | FZ116: =FY116*4 -> 8.96 | GF116: =YEAR(GH116) -> 2013 | GG116: =WEEKNUM(GH116) -> 20 | GH116: 41409 | GI116: 3.17 | GJ116: =GI116*2 -> 6.34 | GK116: =YEAR(GM116) -> 2016 | GL116: =WEEKNUM(GM116) -> 36 | GM116: =EOMONTH(GM115,1) -> 42613 | GN116: 1.38 | GO116: =GN116*2 -> 2.76
C117: {=_xlfn.IFS(MONTH(D117)<4,1,MONTH(D117)<7,2,MONTH(D117)<10,3,MONTH(D117)>9,4)&"Q"&RIGHT(YEAR(D117),2)} -> 3Q16 | D117: =EOMONTH(E117,0) -> 42582 | E117: =+I117 -> 42555 | F117: =+L117/8 -> 0.454125 | G117: =+M117/8 -> 0.375 | I117: 42555 | J117: 3.95 | K117: 3.3 | L117: 3.633 | M117: {=INDEX($BV$29:$BV$1449,MATCH($D117,$BR$29:$BR$1449,0),)} -> 3 | Q117: =L117/M117-1 -> 0.211 | AH117: =WORKDAY(AH116,6) -> 43166 | AI117: =IFERROR(VLOOKUP(AH117,$I:$L,4,FALSE),VLOOKUP(AH117,$I:$L,4,TRUE)) -> 9.119 | AJ117: =AI117/AI116-1 -> -0.005561614 | AK117: =AI117/AI115-1 -> -0.015651986 | AQ117: {=_xlfn.IFS(MONTH(AR117)<4,1,MONTH(AR117)<7,2,MONTH(AR117)<10,3,MONTH(AR117)>9,4)&"Q"&RIGHT(YEAR(AR117),2)} -> 4Q20 | AR117: =EOMONTH(AS117,0) -> 44135 | AS117: 44116 | AU117: {=INDEX($CE$29:$CE$1449,MATCH($AR117,$CA$29:$CA$1449,0),)} -> 112 | AW117: {=INDEX($CF$29:$CF$1449,MATCH($AR117,$CA$29:$CA$1449,0),)} -> 228 | BO117: =YEAR(BS117) -> 2023 | BQ117: {=_xlfn.IFS(MONTH(BR117)<4,1,MONTH(BR117)<7,2,MONTH(BR117)<10,3,MONTH(BR117)>9,4)&"Q"&RIGHT(YEAR(BR117),2)} -> 4Q23 | BR117: =EOMONTH(BS117,0) -> 45230 | BS117: =EOMONTH(BS116,1) -> 45230 | BV117: 1.5 | BW117: 3 | BX117: 3.8 | CA117: =EOMONTH(CA116,1) -> 45230 | CB117: 33 | CC117: 26.4 | CD117: 13.7 | CE117: 50 | CF117: 100 | CG117: 81.9 | CH117: 153.3 | CI117: 78 | CJ117: 146 | CO117: =AVERAGE(CI117,CG117) -> 79.95 | CP117: =AVERAGE(CJ117,CH117) -> 149.65 | CQ117: 1.1 | CR117: 1.07 | CT117: =CB117/CC117-1 -> 0.25 | CU117: =CO117/CE117-1 -> 0.599 | CV117: =CP117/CF117-1 -> 0.4965 | CX117: =CB117/CB116-1 -> 0.11486486 | CY117: =CC117/CC116-1 -> 0.1092437 | CZ117: =CD117/CD116-1 -> 0.10483871 | DA117: =CE117/CE116-1 -> 0.052631579 | DB117: =CF117/CF116-1 -> 0.063829787 | DC117: =CG117/CG116-1 -> 0.012987013 | DD117: =CH117/CH116-1 -> 0.013888889 | DE117: =CI117/CI116-1 -> 0.012987013 | DF117: =CJ117/CJ116-1 -> 0.013888889 | DK117: =CO117/CO116-1 -> 0.012987013 | DL117: =CP117/CP116-1 -> 0.013888889 | DM117: =CQ117/CQ116-1 -> 0.078431373 | DN117: =CR117/CR116-1 -> 0.049019608 | DQ117: =CE117/32 -> 1.5625 | DR117: =CF117/64 -> 1.5625 | DS117: =CO117/32 -> 2.4984375 | DT117: =CP117/64 -> 2.3382813 | FV117: =YEAR(FX117) -> 2011 | FW117: =WEEKNUM(FX117) -> 6 | FX117: 40574 | FY117: 2.27 | FZ117: =FY117*4 -> 9.08 | GF117: =YEAR(GH117) -> 2013 | GG117: =WEEKNUM(GH117) -> 20 | GH117: 41410 | GI117: 3.165 | GJ117: =GI117*2 -> 6.33 | GK117: =YEAR(GM117) -> 2016 | GL117: =WEEKNUM(GM117) -> 40 | GM117: =EOMONTH(GM116,1) -> 42643 | GN117: 1.5 | GO117: =GN117*2 -> 3
